timestamp,total_elapsed_us,delta_us,signal,value
30:49.0,0,0,Temp_High,53
30:49.0,0,0,Temp_Low,43
30:49.1,102870,102870,Current,77.8
30:49.1,102870,102870,Voltage,384
30:49.1,102870,102870,Battery_SOC,85
30:49.1,105189,2319,Temp_High,54
30:49.1,105189,2319,Temp_Low,44
30:49.2,208065,102876,Current,78.8
30:49.2,208065,102876,Voltage,384
30:49.2,208065,102876,Battery_SOC,86
30:49.2,210456,2391,Temp_High,54
30:49.2,210456,2391,Temp_Low,44
30:49.3,313344,102888,Current,79.8
30:49.3,313344,102888,Voltage,384
30:49.3,313344,102888,Battery_SOC,87
30:49.3,315737,2393,Temp_High,54
30:49.3,315737,2393,Temp_Low,44
30:49.4,418535,102798,Current,80.8
30:49.4,418535,102798,Voltage,384
30:49.4,418535,102798,Battery_SOC,88
30:49.4,421006,2471,Temp_High,55
30:49.4,421006,2471,Temp_Low,45
30:49.5,523828,102822,Current,81.8
30:49.5,523828,102822,Voltage,384
30:49.5,523828,102822,Battery_SOC,89
30:49.5,526281,2453,Temp_High,55
30:49.5,526281,2453,Temp_Low,45
30:49.6,629147,102866,Current,82.8
30:49.6,629147,102866,Voltage,384
30:49.6,629147,102866,Battery_SOC,90
30:49.6,631564,2417,Temp_High,56
30:49.6,631564,2417,Temp_Low,46
30:49.7,734415,102851,Current,83.8
30:49.7,734415,102851,Voltage,384
30:49.7,734415,102851,Battery_SOC,91
30:49.7,736822,2407,Temp_High,56
30:49.7,736822,2407,Temp_Low,46
30:49.8,839680,102858,Current,84.8
30:49.8,839680,102858,Voltage,384
30:49.8,839680,102858,Battery_SOC,92
30:49.8,842099,2419,Temp_High,56
30:49.8,842099,2419,Temp_Low,46
30:49.9,944961,102862,Current,85.8
30:49.9,944961,102862,Voltage,384
30:49.9,944961,102862,Battery_SOC,93
30:49.9,947378,2417,Temp_High,57
30:49.9,947378,2417,Temp_Low,47
30:50.0,1050184,102806,Current,86.8
30:50.0,1050184,102806,Voltage,384
30:50.0,1050184,102806,Battery_SOC,94
30:50.0,1052644,2460,Temp_High,57
30:50.0,1052644,2460,Temp_Low,47
30:50.1,1155460,102816,Current,87.8
30:50.1,1155460,102816,Voltage,384
30:50.1,1155460,102816,Battery_SOC,95
30:50.2,1157917,2457,Temp_High,58
30:50.2,1157917,2457,Temp_Low,48
30:50.3,1260775,102858,Current,88.8
30:50.3,1260775,102858,Voltage,384
30:50.3,1260775,102858,Battery_SOC,96
30:50.3,1263196,2421,Temp_High,58
30:50.3,1263196,2421,Temp_Low,48
30:50.4,1366046,102850,Current,89.8
30:50.4,1366046,102850,Voltage,384
30:50.4,1366046,102850,Battery_SOC,97
30:50.4,1368471,2425,Temp_High,58
30:50.4,1368471,2425,Temp_Low,48
30:50.5,1471336,102865,Current,90.8
30:50.5,1471336,102865,Voltage,384
30:50.5,1471336,102865,Battery_SOC,98
30:50.5,1473735,2399,Temp_High,59
30:50.5,1473735,2399,Temp_Low,49
30:50.6,1576611,102876,Current,91.8
30:50.6,1576611,102876,Voltage,384
30:50.6,1576611,102876,Battery_SOC,99
30:50.6,1579018,2407,Temp_High,59
30:50.6,1579018,2407,Temp_Low,49
30:50.7,1681888,102870,Current,92.8
30:50.7,1681888,102870,Voltage,384
30:50.7,1681888,102870,Battery_SOC,100
30:50.7,1684388,2500,Temp_High,60
30:50.7,1684388,2500,Temp_Low,50
30:50.8,1787305,102917,Current,18.4
30:50.8,1787305,102917,Voltage,281.6
30:50.8,1787305,102917,Battery_SOC,0
30:50.8,1789598,2293,Temp_High,20
30:50.8,1789598,2293,Temp_Low,10
30:50.9,1892369,102771,Current,19.4
30:50.9,1892369,102771,Voltage,281.6
30:50.9,1892369,102771,Battery_SOC,1
30:50.9,1894696,2327,Temp_High,20
30:50.9,1894696,2327,Temp_Low,10
30:51.0,1997498,102802,Current,20.4
30:51.0,1997498,102802,Voltage,281.6
30:51.0,1997498,102802,Battery_SOC,2
30:51.0,1999803,2305,Temp_High,20
30:51.0,1999803,2305,Temp_Low,10
30:51.1,2102601,102798,Current,21.4
30:51.1,2102601,102798,Voltage,281.6
30:51.1,2102601,102798,Battery_SOC,3
30:51.1,2104918,2317,Temp_High,21
30:51.1,2104918,2317,Temp_Low,11
30:51.2,2207680,102762,Current,22.4
30:51.2,2207680,102762,Voltage,281.6
30:51.2,2207680,102762,Battery_SOC,4
30:51.2,2210019,2339,Temp_High,21
30:51.2,2210019,2339,Temp_Low,11
30:51.3,2312797,102778,Current,23.4
30:51.3,2312797,102778,Voltage,281.6
30:51.3,2312797,102778,Battery_SOC,5
30:51.3,2315124,2327,Temp_High,22
30:51.3,2315124,2327,Temp_Low,12
30:51.4,2417905,102781,Current,24.4
30:51.4,2417905,102781,Voltage,281.6
30:51.4,2417905,102781,Battery_SOC,6
30:51.4,2420240,2335,Temp_High,22
30:51.4,2420240,2335,Temp_Low,12
30:51.5,2523028,102788,Current,25.4
30:51.5,2523028,102788,Voltage,281.6
30:51.5,2523028,102788,Battery_SOC,7
30:51.5,2525343,2315,Temp_High,22
30:51.5,2525343,2315,Temp_Low,12
30:51.6,2628119,102776,Current,0.8
30:51.6,2628119,102776,Voltage,307.2
30:51.6,2628119,102776,Battery_SOC,8
30:51.6,2630432,2313,Temp_High,23
30:51.6,2630432,2313,Temp_Low,13
30:51.7,2733218,102786,Current,1.8
30:51.7,2733218,102786,Voltage,307.2
30:51.7,2733218,102786,Battery_SOC,9
30:51.7,2735572,2354,Temp_High,23
30:51.7,2735572,2354,Temp_Low,13
30:51.8,2838340,102768,Current,2.8
30:51.8,2838340,102768,Voltage,307.2
30:51.8,2838340,102768,Battery_SOC,10
30:51.8,2840751,2411,Temp_High,24
30:51.8,2840751,2411,Temp_Low,14
30:51.9,2943533,102782,Current,3.8
30:51.9,2943533,102782,Voltage,307.2
30:51.9,2943533,102782,Battery_SOC,11
30:51.9,2945988,2455,Temp_High,24
30:51.9,2945988,2455,Temp_Low,14
30:52.0,3048758,102770,Current,4.8
30:52.0,3048758,102770,Voltage,307.2
30:52.0,3048758,102770,Battery_SOC,12
30:52.0,3051221,2463,Temp_High,24
30:52.0,3051221,2463,Temp_Low,14
30:52.1,3154049,102828,Current,5.8
30:52.1,3154049,102828,Voltage,307.2
30:52.1,3154049,102828,Battery_SOC,13
30:52.1,3156446,2397,Temp_High,25
30:52.1,3156446,2397,Temp_Low,15
30:52.3,3259276,102830,Current,6.8
30:52.3,3259276,102830,Voltage,307.2
30:52.3,3259276,102830,Battery_SOC,14
30:52.3,3261740,2464,Temp_High,25
30:52.3,3261740,2464,Temp_Low,15
30:52.4,3364406,102666,Current,7.8
30:52.4,3364406,102666,Voltage,307.2
30:52.4,3364406,102666,Battery_SOC,15
30:52.4,3366995,2589,Temp_High,26
30:52.4,3366995,2589,Temp_Low,16
30:52.5,3469788,102793,Current,8.8
30:52.5,3469788,102793,Voltage,307.2
30:52.5,3469788,102793,Battery_SOC,16
30:52.5,3472186,2398,Temp_High,26
30:52.5,3472186,2398,Temp_Low,16
30:52.6,3574977,102791,Current,9.8
30:52.6,3574977,102791,Voltage,307.2
30:52.6,3574977,102791,Battery_SOC,17
30:52.6,3577493,2516,Temp_High,26
30:52.6,3577493,2516,Temp_Low,16
30:52.7,3680337,102844,Current,10.8
30:52.7,3680337,102844,Voltage,307.2
30:52.7,3680337,102844,Battery_SOC,18
30:52.7,3682722,2385,Temp_High,27
30:52.7,3682722,2385,Temp_Low,17
30:52.8,3785532,102810,Current,11.8
30:52.8,3785532,102810,Voltage,307.2
30:52.8,3785532,102810,Battery_SOC,19
30:52.8,3787985,2453,Temp_High,27
30:52.8,3787985,2453,Temp_Low,17
30:52.9,3890833,102848,Current,12.8
30:52.9,3890833,102848,Voltage,307.2
30:52.9,3890833,102848,Battery_SOC,20
30:52.9,3893266,2433,Temp_High,28
30:52.9,3893266,2433,Temp_Low,18
30:53.0,3996092,102826,Current,13.8
30:53.0,3996092,102826,Voltage,307.2
30:53.0,3996092,102826,Battery_SOC,21
30:53.0,3998534,2442,Temp_High,28
30:53.0,3998534,2442,Temp_Low,18
30:53.1,4101342,102808,Current,14.8
30:53.1,4101342,102808,Voltage,307.2
30:53.1,4101342,102808,Battery_SOC,22
30:53.1,4103803,2461,Temp_High,28
30:53.1,4103803,2461,Temp_Low,18
30:53.2,4206539,102736,Current,15.8
30:53.2,4206539,102736,Voltage,307.2
30:53.2,4206539,102736,Battery_SOC,23
30:53.2,4209063,2524,Temp_High,29
30:53.2,4209063,2524,Temp_Low,19
30:53.3,4311861,102798,Current,16.8
30:53.3,4311861,102798,Voltage,307.2
30:53.3,4311861,102798,Battery_SOC,24
30:53.3,4314336,2475,Temp_High,29
30:53.3,4314336,2475,Temp_Low,19
30:53.4,4417188,102852,Current,17.8
30:53.4,4417188,102852,Voltage,307.2
30:53.4,4417188,102852,Battery_SOC,25
30:53.4,4419589,2401,Temp_High,30
30:53.4,4419589,2401,Temp_Low,20
30:53.5,4522463,102874,Current,44.4
30:53.5,4522463,102874,Voltage,307.2
30:53.5,4522463,102874,Battery_SOC,26
30:53.5,4524868,2405,Temp_High,30
30:53.5,4524868,2405,Temp_Low,20
30:53.6,4627737,102869,Current,45.4
30:53.6,4627737,102869,Voltage,307.2
30:53.6,4627737,102869,Battery_SOC,27
30:53.6,4630138,2401,Temp_High,30
30:53.6,4630138,2401,Temp_Low,20
30:53.7,4732980,102842,Current,46.4
30:53.7,4732980,102842,Voltage,307.2
30:53.7,4732980,102842,Battery_SOC,28
30:53.7,4735403,2423,Temp_High,31
30:53.7,4735403,2423,Temp_Low,21
30:53.8,4838259,102856,Current,47.4
30:53.8,4838259,102856,Voltage,307.2
30:53.8,4838259,102856,Battery_SOC,29
30:53.8,4840679,2420,Temp_High,31
30:53.8,4840679,2420,Temp_Low,21
30:53.9,4943518,102839,Current,48.4
30:53.9,4943518,102839,Voltage,307.2
30:53.9,4943518,102839,Battery_SOC,30
30:53.9,4945952,2434,Temp_High,32
30:53.9,4945952,2434,Temp_Low,22
30:54.0,5048832,102880,Current,49.4
30:54.0,5048832,102880,Voltage,307.2
30:54.0,5048832,102880,Battery_SOC,31
30:54.0,5051262,2430,Temp_High,32
30:54.0,5051262,2430,Temp_Low,22
30:54.1,5154147,102885,Current,50.4
30:54.1,5154147,102885,Voltage,307.2
30:54.1,5154147,102885,Battery_SOC,32
30:54.1,5156493,2346,Temp_High,32
30:54.1,5156493,2346,Temp_Low,22
30:54.3,5259316,102823,Current,25.8
30:54.3,5259316,102823,Voltage,332.8
30:54.3,5259316,102823,Battery_SOC,33
30:54.3,5261728,2412,Temp_High,33
30:54.3,5261728,2412,Temp_Low,23
30:54.4,5364606,102878,Current,26.8
30:54.4,5364606,102878,Voltage,332.8
30:54.4,5364606,102878,Battery_SOC,34
30:54.4,5366965,2359,Temp_High,33
30:54.4,5366965,2359,Temp_Low,23
30:54.5,5469788,102823,Current,27.8
30:54.5,5469788,102823,Voltage,332.8
30:54.5,5469788,102823,Battery_SOC,35
30:54.5,5472246,2458,Temp_High,34
30:54.5,5472246,2458,Temp_Low,24
30:54.6,5575136,102890,Current,28.8
30:54.6,5575136,102890,Voltage,332.8
30:54.6,5575136,102890,Battery_SOC,36
30:54.6,5577521,2385,Temp_High,34
30:54.6,5577521,2385,Temp_Low,24
30:54.7,5680324,102803,Current,29.8
30:54.7,5680324,102803,Voltage,332.8
30:54.7,5680324,102803,Battery_SOC,37
30:54.7,5682794,2470,Temp_High,34
30:54.7,5682794,2470,Temp_Low,24
30:54.8,5785598,102804,Current,30.8
30:54.8,5785598,102804,Voltage,332.8
30:54.8,5785598,102804,Battery_SOC,38
30:54.8,5788061,2463,Temp_High,35
30:54.8,5788061,2463,Temp_Low,25
30:54.9,5890921,102860,Current,31.8
30:54.9,5890921,102860,Voltage,332.8
30:54.9,5890921,102860,Battery_SOC,39
30:54.9,5893322,2401,Temp_High,35
30:54.9,5893322,2401,Temp_Low,25
30:55.0,5996144,102822,Current,32.8
30:55.0,5996144,102822,Voltage,332.8
30:55.0,5996144,102822,Battery_SOC,40
30:55.0,5998592,2448,Temp_High,36
30:55.0,5998592,2448,Temp_Low,26
30:55.1,6101402,102810,Current,33.8
30:55.1,6101402,102810,Voltage,332.8
30:55.1,6101402,102810,Battery_SOC,41
30:55.1,6103863,2461,Temp_High,36
30:55.1,6103863,2461,Temp_Low,26
30:55.2,6206719,102856,Current,34.8
30:55.2,6206719,102856,Voltage,332.8
30:55.2,6206719,102856,Battery_SOC,42
30:55.2,6209138,2419,Temp_High,36
30:55.2,6209138,2419,Temp_Low,26
30:55.3,6311988,102850,Current,35.8
30:55.3,6311988,102850,Voltage,332.8
30:55.3,6311988,102850,Battery_SOC,43
30:55.3,6314411,2423,Temp_High,37
30:55.3,6314411,2423,Temp_Low,27
30:55.4,6417257,102846,Current,36.8
30:55.4,6417257,102846,Voltage,332.8
30:55.4,6417257,102846,Battery_SOC,44
30:55.4,6419662,2405,Temp_High,37
30:55.4,6419662,2405,Temp_Low,27
30:55.5,6522533,102871,Current,37.8
30:55.5,6522533,102871,Voltage,332.8
30:55.5,6522533,102871,Battery_SOC,45
30:55.5,6524930,2397,Temp_High,38
30:55.5,6524930,2397,Temp_Low,28
30:55.6,6627808,102878,Current,38.8
30:55.6,6627808,102878,Voltage,332.8
30:55.6,6627808,102878,Battery_SOC,46
30:55.6,6630197,2389,Temp_High,38
30:55.6,6630197,2389,Temp_Low,28
30:55.7,6732997,102800,Current,39.8
30:55.7,6732997,102800,Voltage,332.8
30:55.7,6732997,102800,Battery_SOC,47
30:55.7,6735520,2523,Temp_High,38
30:55.7,6735520,2523,Temp_Low,28
30:55.8,6838325,102805,Current,40.8
30:55.8,6838325,102805,Voltage,332.8
30:55.8,6838325,102805,Battery_SOC,48
30:55.8,6840728,2403,Temp_High,39
30:55.8,6840728,2403,Temp_Low,29
30:55.9,6943609,102881,Current,41.8
30:55.9,6943609,102881,Voltage,332.8
30:55.9,6943609,102881,Battery_SOC,49
30:55.9,6946006,2397,Temp_High,39
30:55.9,6946006,2397,Temp_Low,29
30:56.0,7048898,102892,Current,42.8
30:56.0,7048898,102892,Voltage,332.8
30:56.0,7048898,102892,Battery_SOC,50
30:56.0,7051361,2463,Temp_High,40
30:56.0,7051361,2463,Temp_Low,30
30:56.1,7154032,102671,Current,43.8
30:56.1,7154032,102671,Voltage,332.8
30:56.1,7154032,102671,Battery_SOC,51
30:56.1,7156562,2530,Temp_High,40
30:56.1,7156562,2530,Temp_Low,30
30:56.3,7259438,102876,Current,70.4
30:56.3,7259438,102876,Voltage,332.8
30:56.3,7259438,102876,Battery_SOC,52
30:56.3,7261849,2411,Temp_High,40
30:56.3,7261849,2411,Temp_Low,30
30:56.4,7364668,102819,Current,71.4
30:56.4,7364668,102819,Voltage,332.8
30:56.4,7364668,102819,Battery_SOC,53
30:56.4,7367120,2452,Temp_High,41
30:56.4,7367120,2452,Temp_Low,31
30:56.5,7469851,102731,Current,72.4
30:56.5,7469851,102731,Voltage,332.8
30:56.5,7469851,102731,Battery_SOC,54
30:56.5,7472389,2538,Temp_High,41
30:56.5,7472389,2538,Temp_Low,31
30:56.6,7575207,102818,Current,73.4
30:56.6,7575207,102818,Voltage,332.8
30:56.6,7575207,102818,Battery_SOC,55
30:56.6,7577664,2457,Temp_High,42
30:56.6,7577664,2457,Temp_Low,32
30:56.7,7680520,102856,Current,74.4
30:56.7,7680520,102856,Voltage,332.8
30:56.7,7680520,102856,Battery_SOC,56
30:56.7,7682938,2418,Temp_High,42
30:56.7,7682938,2418,Temp_Low,32
30:56.8,7785780,102842,Current,75.4
30:56.8,7785780,102842,Voltage,332.8
30:56.8,7785780,102842,Battery_SOC,57
30:56.8,7788201,2421,Temp_High,42
30:56.8,7788201,2421,Temp_Low,32
30:56.9,7891071,102870,Current,76.4
30:56.9,7891071,102870,Voltage,332.8
30:56.9,7891071,102870,Battery_SOC,58
30:56.9,7893485,2414,Temp_High,43
30:56.9,7893485,2414,Temp_Low,33
30:57.0,7996371,102886,Current,51.8
30:57.0,7996371,102886,Voltage,358.4
30:57.0,7996371,102886,Battery_SOC,59
30:57.0,7998724,2353,Temp_High,43
30:57.0,7998724,2353,Temp_Low,33
30:57.1,8101534,102810,Current,52.8
30:57.1,8101534,102810,Voltage,358.4
30:57.1,8101534,102810,Battery_SOC,60
30:57.1,8103989,2455,Temp_High,44
30:57.1,8103989,2455,Temp_Low,34
30:57.2,8206793,102804,Current,53.8
30:57.2,8206793,102804,Voltage,358.4
30:57.2,8206793,102804,Battery_SOC,61
30:57.2,8209260,2467,Temp_High,44
30:57.2,8209260,2467,Temp_Low,34
30:57.3,8312120,102860,Current,54.8
30:57.3,8312120,102860,Voltage,358.4
30:57.3,8312120,102860,Battery_SOC,62
30:57.3,8314537,2417,Temp_High,44
30:57.3,8314537,2417,Temp_Low,34
30:57.4,8417391,102854,Current,55.8
30:57.4,8417391,102854,Voltage,358.4
30:57.4,8417391,102854,Battery_SOC,63
30:57.4,8419833,2442,Temp_High,45
30:57.4,8419833,2442,Temp_Low,35
30:57.5,8522708,102875,Current,56.8
30:57.5,8522708,102875,Voltage,358.4
30:57.5,8522708,102875,Battery_SOC,64
30:57.5,8525067,2359,Temp_High,45
30:57.5,8525067,2359,Temp_Low,35
30:57.6,8627911,102844,Current,57.8
30:57.6,8627911,102844,Voltage,358.4
30:57.6,8627911,102844,Battery_SOC,65
30:57.6,8630334,2423,Temp_High,46
30:57.6,8630334,2423,Temp_Low,36
30:57.7,8733200,102866,Current,58.8
30:57.7,8733200,102866,Voltage,358.4
30:57.7,8733200,102866,Battery_SOC,66
30:57.7,8735597,2397,Temp_High,46
30:57.7,8735597,2397,Temp_Low,36
30:57.8,8838367,102770,Current,59.8
30:57.8,8838367,102770,Voltage,358.4
30:57.8,8838367,102770,Battery_SOC,67
30:57.8,8840870,2503,Temp_High,46
30:57.8,8840870,2503,Temp_Low,36
30:57.9,8943728,102858,Current,60.8
30:57.9,8943728,102858,Voltage,358.4
30:57.9,8943728,102858,Battery_SOC,68
30:57.9,8946145,2417,Temp_High,47
30:57.9,8946145,2417,Temp_Low,37
30:58.0,9048981,102836,Current,61.8
30:58.0,9048981,102836,Voltage,358.4
30:58.0,9048981,102836,Battery_SOC,69
30:58.0,9051416,2435,Temp_High,47
30:58.0,9051416,2435,Temp_Low,37
30:58.1,9154236,102820,Current,62.8
30:58.1,9154236,102820,Voltage,358.4
30:58.1,9154236,102820,Battery_SOC,70
30:58.1,9156666,2430,Temp_High,48
30:58.1,9156666,2430,Temp_Low,38
30:58.3,9259458,102792,Current,63.8
30:58.3,9259458,102792,Voltage,358.4
30:58.3,9259458,102792,Battery_SOC,71
30:58.3,9261947,2489,Temp_High,48
30:58.3,9261947,2489,Temp_Low,38
30:58.4,9364814,102867,Current,64.8
30:58.4,9364814,102867,Voltage,358.4
30:58.4,9364814,102867,Battery_SOC,72
30:58.4,9367229,2415,Temp_High,48
30:58.4,9367229,2415,Temp_Low,38
30:58.5,9470053,102824,Current,65.8
30:58.5,9470053,102824,Voltage,358.4
30:58.5,9470053,102824,Battery_SOC,73
30:58.5,9472498,2445,Temp_High,49
30:58.5,9472498,2445,Temp_Low,39
30:58.6,9575353,102855,Current,66.8
30:58.6,9575353,102855,Voltage,358.4
30:58.6,9575353,102855,Battery_SOC,74
30:58.6,9577770,2417,Temp_High,49
30:58.6,9577770,2417,Temp_Low,39
30:58.7,9680616,102846,Current,67.8
30:58.7,9680616,102846,Voltage,358.4
30:58.7,9680616,102846,Battery_SOC,75
30:58.7,9683049,2433,Temp_High,50
30:58.7,9683049,2433,Temp_Low,40
30:58.8,9785900,102851,Current,68.8
30:58.8,9785900,102851,Voltage,358.4
30:58.8,9785900,102851,Battery_SOC,76
30:58.8,9788319,2419,Temp_High,50
30:58.8,9788319,2419,Temp_Low,40
30:58.9,9891135,102816,Current,95.4
30:58.9,9891135,102816,Voltage,358.4
30:58.9,9891135,102816,Battery_SOC,77
30:58.9,9893604,2469,Temp_High,50
30:58.9,9893604,2469,Temp_Low,40
30:59.0,9996366,102762,Current,96.4
30:59.0,9996366,102762,Voltage,358.4
30:59.0,9996366,102762,Battery_SOC,78
30:59.0,9998886,2520,Temp_High,51
30:59.0,9998886,2520,Temp_Low,41
30:59.1,10101686,102800,Current,97.4
30:59.1,10101686,102800,Voltage,358.4
30:59.1,10101686,102800,Battery_SOC,79
30:59.1,10104238,2552,Temp_High,51
30:59.1,10104238,2552,Temp_Low,41
30:59.2,10207057,102819,Current,98.4
30:59.2,10207057,102819,Voltage,358.4
30:59.2,10207057,102819,Battery_SOC,80
30:59.2,10209439,2382,Temp_High,52
30:59.2,10209439,2382,Temp_Low,42
30:59.3,10312229,102790,Current,99.4
30:59.3,10312229,102790,Voltage,358.4
30:59.3,10312229,102790,Battery_SOC,81
30:59.3,10314718,2489,Temp_High,52
30:59.3,10314718,2489,Temp_Low,42
30:59.4,10417599,102881,Current,100.4
30:59.4,10417599,102881,Voltage,358.4
30:59.4,10417599,102881,Battery_SOC,82
30:59.4,10419994,2395,Temp_High,52
30:59.4,10419994,2395,Temp_Low,42
30:59.5,10522836,102842,Current,101.4
30:59.5,10522836,102842,Voltage,358.4
30:59.5,10522836,102842,Battery_SOC,83
30:59.5,10525267,2431,Temp_High,53
30:59.5,10525267,2431,Temp_Low,43
30:59.6,10628123,102856,Current,76.8
30:59.6,10628123,102856,Voltage,384
30:59.6,10628123,102856,Battery_SOC,84
30:59.6,10630509,2386,Temp_High,53
30:59.6,10630509,2386,Temp_Low,43
30:59.7,10733313,102804,Current,77.8
30:59.7,10733313,102804,Voltage,384
30:59.7,10733313,102804,Battery_SOC,85
30:59.7,10735752,2439,Temp_High,54
30:59.7,10735752,2439,Temp_Low,44
30:59.8,10838611,102859,Current,78.8
30:59.8,10838611,102859,Voltage,384
30:59.8,10838611,102859,Battery_SOC,86
30:59.8,10841082,2471,Temp_High,54
30:59.8,10841082,2471,Temp_Low,44
30:59.9,10943768,102686,Current,79.8
30:59.9,10943768,102686,Voltage,384
30:59.9,10943768,102686,Battery_SOC,87
30:59.9,10946287,2519,Temp_High,54
30:59.9,10946287,2519,Temp_Low,44
31:00.0,11049150,102863,Current,80.8
31:00.0,11049150,102863,Voltage,384
31:00.0,11049150,102863,Battery_SOC,88
31:00.0,11051605,2455,Temp_High,55
31:00.0,11051605,2455,Temp_Low,45
31:00.1,11154419,102814,Current,81.8
31:00.1,11154419,102814,Voltage,384
31:00.1,11154419,102814,Battery_SOC,89
31:00.1,11156822,2403,Temp_High,55
31:00.1,11156822,2403,Temp_Low,45
31:00.3,11259664,102842,Current,82.8
31:00.3,11259664,102842,Voltage,384
31:00.3,11259664,102842,Battery_SOC,90
31:00.3,11262106,2442,Temp_High,56
31:00.3,11262106,2442,Temp_Low,46
31:00.4,11364974,102868,Current,83.8
31:00.4,11364974,102868,Voltage,384
31:00.4,11364974,102868,Battery_SOC,91
31:00.4,11367381,2407,Temp_High,56
31:00.4,11367381,2407,Temp_Low,46
31:00.5,11470215,102834,Current,84.8
31:00.5,11470215,102834,Voltage,384
31:00.5,11470215,102834,Battery_SOC,92
31:00.5,11472655,2440,Temp_High,56
31:00.5,11472655,2440,Temp_Low,46
31:00.6,11575487,102832,Current,85.8
31:00.6,11575487,102832,Voltage,384
31:00.6,11575487,102832,Battery_SOC,93
31:00.6,11577918,2431,Temp_High,57
31:00.6,11577918,2431,Temp_Low,47
31:00.7,11680708,102790,Current,86.8
31:00.7,11680708,102790,Voltage,384
31:00.7,11680708,102790,Battery_SOC,94
31:00.7,11683198,2490,Temp_High,57
31:00.7,11683198,2490,Temp_Low,47
31:00.8,11786036,102838,Current,87.8
31:00.8,11786036,102838,Voltage,384
31:00.8,11786036,102838,Battery_SOC,95
31:00.8,11788528,2492,Temp_High,58
31:00.8,11788528,2492,Temp_Low,48
31:00.9,11891325,102797,Current,88.8
31:00.9,11891325,102797,Voltage,384
31:00.9,11891325,102797,Battery_SOC,96
31:00.9,11893741,2416,Temp_High,58
31:00.9,11893741,2416,Temp_Low,48
31:01.0,11996589,102848,Current,89.8
31:01.0,11996589,102848,Voltage,384
31:01.0,11996589,102848,Battery_SOC,97
31:01.0,11999026,2437,Temp_High,58
31:01.0,11999026,2437,Temp_Low,48
31:01.1,12101915,102889,Current,90.8
31:01.1,12101915,102889,Voltage,384
31:01.1,12101915,102889,Battery_SOC,98
31:01.1,12104306,2391,Temp_High,59
31:01.1,12104306,2391,Temp_Low,49
31:01.2,12207138,102832,Current,91.8
31:01.2,12207138,102832,Voltage,384
31:01.2,12207138,102832,Battery_SOC,99
31:01.2,12209575,2437,Temp_High,59
31:01.2,12209575,2437,Temp_Low,49
31:01.3,12312420,102845,Current,92.8
31:01.3,12312420,102845,Voltage,384
31:01.3,12312420,102845,Battery_SOC,100
31:01.3,12314887,2467,Temp_High,60
31:01.3,12314887,2467,Temp_Low,50
31:01.4,12417781,102894,Current,18.4
31:01.4,12417781,102894,Voltage,281.6
31:01.4,12417781,102894,Battery_SOC,0
31:01.4,12420136,2355,Temp_High,20
31:01.4,12420136,2355,Temp_Low,10
31:01.5,12522917,102781,Current,19.4
31:01.5,12522917,102781,Voltage,281.6
31:01.5,12522917,102781,Battery_SOC,1
31:01.5,12525240,2323,Temp_High,20
31:01.5,12525240,2323,Temp_Low,10
31:01.6,12627990,102750,Current,20.4
31:01.6,12627990,102750,Voltage,281.6
31:01.6,12627990,102750,Battery_SOC,2
31:01.6,12630355,2365,Temp_High,20
31:01.6,12630355,2365,Temp_Low,10
31:01.7,12733055,102700,Current,21.4
31:01.7,12733055,102700,Voltage,281.6
31:01.7,12733055,102700,Battery_SOC,3
31:01.7,12735451,2396,Temp_High,21
31:01.7,12735451,2396,Temp_Low,11
31:01.8,12838229,102778,Current,22.4
31:01.8,12838229,102778,Voltage,281.6
31:01.8,12838229,102778,Battery_SOC,4
31:01.8,12840558,2329,Temp_High,21
31:01.8,12840558,2329,Temp_Low,11
31:01.9,12943332,102774,Current,23.4
31:01.9,12943332,102774,Voltage,281.6
31:01.9,12943332,102774,Battery_SOC,5
31:01.9,12945678,2346,Temp_High,22
31:01.9,12945678,2346,Temp_Low,12
31:02.0,13048460,102782,Current,24.4
31:02.0,13048460,102782,Voltage,281.6
31:02.0,13048460,102782,Battery_SOC,6
31:02.0,13050779,2319,Temp_High,22
31:02.0,13050779,2319,Temp_Low,12
31:02.1,13153533,102754,Current,25.4
31:02.1,13153533,102754,Voltage,281.6
31:02.1,13153533,102754,Battery_SOC,7
31:02.1,13155881,2348,Temp_High,22
31:02.1,13155881,2348,Temp_Low,12
31:02.3,13258671,102790,Current,0.8
31:02.3,13258671,102790,Voltage,307.2
31:02.3,13258671,102790,Battery_SOC,8
31:02.3,13260982,2311,Temp_High,23
31:02.3,13260982,2311,Temp_Low,13
31:02.4,13363700,102718,Current,1.8
31:02.4,13363700,102718,Voltage,307.2
31:02.4,13363700,102718,Battery_SOC,9
31:02.4,13366116,2416,Temp_High,23
31:02.4,13366116,2416,Temp_Low,13
31:02.5,13468822,102706,Current,2.8
31:02.5,13468822,102706,Voltage,307.2
31:02.5,13468822,102706,Battery_SOC,10
31:02.5,13471382,2560,Temp_High,24
31:02.5,13471382,2560,Temp_Low,14
31:02.6,13574168,102786,Current,3.8
31:02.6,13574168,102786,Voltage,307.2
31:02.6,13574168,102786,Battery_SOC,11
31:02.6,13576527,2359,Temp_High,24
31:02.6,13576527,2359,Temp_Low,14
31:02.7,13679363,102836,Current,4.8
31:02.7,13679363,102836,Voltage,307.2
31:02.7,13679363,102836,Battery_SOC,12
31:02.7,13681764,2401,Temp_High,24
31:02.7,13681764,2401,Temp_Low,14
31:02.8,13784548,102784,Current,5.8
31:02.8,13784548,102784,Voltage,307.2
31:02.8,13784548,102784,Battery_SOC,13
31:02.8,13786996,2448,Temp_High,25
31:02.8,13786996,2448,Temp_Low,15
31:02.9,13889834,102838,Current,6.8
31:02.9,13889834,102838,Voltage,307.2
31:02.9,13889834,102838,Battery_SOC,14
31:02.9,13892237,2403,Temp_High,25
31:02.9,13892237,2403,Temp_Low,15
31:03.0,13995069,102832,Current,7.8
31:03.0,13995069,102832,Voltage,307.2
31:03.0,13995069,102832,Battery_SOC,15
31:03.0,13997472,2403,Temp_High,26
31:03.0,13997472,2403,Temp_Low,16
31:03.1,14100340,102868,Current,8.8
31:03.1,14100340,102868,Voltage,307.2
31:03.1,14100340,102868,Battery_SOC,16
31:03.1,14102745,2405,Temp_High,26
31:03.1,14102745,2405,Temp_Low,16
31:03.2,14205601,102856,Current,9.8
31:03.2,14205601,102856,Voltage,307.2
31:03.2,14205601,102856,Battery_SOC,17
31:03.2,14208004,2403,Temp_High,26
31:03.2,14208004,2403,Temp_Low,16
31:03.3,14310866,102862,Current,10.8
31:03.3,14310866,102862,Voltage,307.2
31:03.3,14310866,102862,Battery_SOC,18
31:03.3,14313267,2401,Temp_High,27
31:03.3,14313267,2401,Temp_Low,17
31:03.4,14416135,102868,Current,11.8
31:03.4,14416135,102868,Voltage,307.2
31:03.4,14416135,102868,Battery_SOC,19
31:03.4,14418534,2399,Temp_High,27
31:03.4,14418534,2399,Temp_Low,17
31:03.5,14521400,102866,Current,12.8
31:03.5,14521400,102866,Voltage,307.2
31:03.5,14521400,102866,Battery_SOC,20
31:03.5,14523818,2418,Temp_High,28
31:03.5,14523818,2418,Temp_Low,18
31:03.6,14626684,102866,Current,13.8
31:03.6,14626684,102866,Voltage,307.2
31:03.6,14626684,102866,Battery_SOC,21
31:03.6,14629168,2484,Temp_High,28
31:03.6,14629168,2484,Temp_Low,18
31:03.7,14731953,102785,Current,14.8
31:03.7,14731953,102785,Voltage,307.2
31:03.7,14731953,102785,Battery_SOC,22
31:03.7,14734371,2418,Temp_High,28
31:03.7,14734371,2418,Temp_Low,18
31:03.8,14837195,102824,Current,15.8
31:03.8,14837195,102824,Voltage,307.2
31:03.8,14837195,102824,Battery_SOC,23
31:03.8,14839624,2429,Temp_High,29
31:03.8,14839624,2429,Temp_Low,19
31:03.9,14942498,102874,Current,16.8
31:03.9,14942498,102874,Voltage,307.2
31:03.9,14942498,102874,Battery_SOC,24
31:03.9,14944890,2392,Temp_High,29
31:03.9,14944890,2392,Temp_Low,19
31:04.0,15047770,102880,Current,17.8
31:04.0,15047770,102880,Voltage,307.2
31:04.0,15047770,102880,Battery_SOC,25
31:04.0,15050165,2395,Temp_High,30
31:04.0,15050165,2395,Temp_Low,20
31:04.1,15153027,102862,Current,44.4
31:04.1,15153027,102862,Voltage,307.2
31:04.1,15153027,102862,Battery_SOC,26
31:04.1,15155480,2453,Temp_High,30
31:04.1,15155480,2453,Temp_Low,20
31:04.3,15258343,102863,Current,45.4
31:04.3,15258343,102863,Voltage,307.2
31:04.3,15258343,102863,Battery_SOC,27
31:04.3,15260712,2369,Temp_High,30
31:04.3,15260712,2369,Temp_Low,20
31:04.4,15363496,102784,Current,46.4
31:04.4,15363496,102784,Voltage,307.2
31:04.4,15363496,102784,Battery_SOC,28
31:04.4,15365994,2498,Temp_High,31
31:04.4,15365994,2498,Temp_Low,21
31:04.5,15468832,102838,Current,47.4
31:04.5,15468832,102838,Voltage,307.2
31:04.5,15468832,102838,Battery_SOC,29
31:04.5,15471269,2437,Temp_High,31
31:04.5,15471269,2437,Temp_Low,21
31:04.6,15574113,102844,Current,48.4
31:04.6,15574113,102844,Voltage,307.2
31:04.6,15574113,102844,Battery_SOC,30
31:04.6,15576538,2425,Temp_High,32
31:04.6,15576538,2425,Temp_Low,22
31:04.7,15679442,102904,Current,49.4
31:04.7,15679442,102904,Voltage,307.2
31:04.7,15679442,102904,Battery_SOC,31
31:04.7,15681821,2379,Temp_High,32
31:04.7,15681821,2379,Temp_Low,22
31:04.8,15784667,102846,Current,50.4
31:04.8,15784667,102846,Voltage,307.2
31:04.8,15784667,102846,Battery_SOC,32
31:04.8,15787098,2431,Temp_High,32
31:04.8,15787098,2431,Temp_Low,22
31:04.9,15889926,102828,Current,25.8
31:04.9,15889926,102828,Voltage,332.8
31:04.9,15889926,102828,Battery_SOC,33
31:04.9,15892324,2398,Temp_High,33
31:04.9,15892324,2398,Temp_Low,23
31:05.0,15995120,102796,Current,26.8
31:05.0,15995120,102796,Voltage,332.8
31:05.0,15995120,102796,Battery_SOC,34
31:05.0,15997561,2441,Temp_High,33
31:05.0,15997561,2441,Temp_Low,23
31:05.1,16100418,102857,Current,27.8
31:05.1,16100418,102857,Voltage,332.8
31:05.1,16100418,102857,Battery_SOC,35
31:05.1,16102831,2413,Temp_High,34
31:05.1,16102831,2413,Temp_Low,24
31:05.2,16205721,102890,Current,28.8
31:05.2,16205721,102890,Voltage,332.8
31:05.2,16205721,102890,Battery_SOC,36
31:05.2,16208082,2361,Temp_High,34
31:05.2,16208082,2361,Temp_Low,24
31:05.3,16310969,102887,Current,29.8
31:05.3,16310969,102887,Voltage,332.8
31:05.3,16310969,102887,Battery_SOC,37
31:05.3,16313350,2381,Temp_High,34
31:05.3,16313350,2381,Temp_Low,24
31:05.4,16416198,102848,Current,30.8
31:05.4,16416198,102848,Voltage,332.8
31:05.4,16416198,102848,Battery_SOC,38
31:05.4,16418627,2429,Temp_High,35
31:05.4,16418627,2429,Temp_Low,25
31:05.5,16521489,102862,Current,31.8
31:05.5,16521489,102862,Voltage,332.8
31:05.5,16521489,102862,Battery_SOC,39
31:05.5,16523896,2407,Temp_High,35
31:05.5,16523896,2407,Temp_Low,25
31:05.6,16626744,102848,Current,32.8
31:05.6,16626744,102848,Voltage,332.8
31:05.6,16626744,102848,Battery_SOC,40
31:05.6,16629173,2429,Temp_High,36
31:05.6,16629173,2429,Temp_Low,26
31:05.7,16732045,102872,Current,33.8
31:05.7,16732045,102872,Voltage,332.8
31:05.7,16732045,102872,Battery_SOC,41
31:05.7,16734448,2403,Temp_High,36
31:05.7,16734448,2403,Temp_Low,26
31:05.8,16837284,102836,Current,34.8
31:05.8,16837284,102836,Voltage,332.8
31:05.8,16837284,102836,Battery_SOC,42
31:05.8,16839746,2462,Temp_High,36
31:05.8,16839746,2462,Temp_Low,26
31:05.9,16942640,102894,Current,35.8
31:05.9,16942640,102894,Voltage,332.8
31:05.9,16942640,102894,Battery_SOC,43
31:05.9,16944985,2345,Temp_High,37
31:05.9,16944985,2345,Temp_Low,27
31:06.0,17047861,102876,Current,36.8
31:06.0,17047861,102876,Voltage,332.8
31:06.0,17047861,102876,Battery_SOC,44
31:06.0,17050254,2393,Temp_High,37
31:06.0,17050254,2393,Temp_Low,27
31:06.1,17153130,102876,Current,37.8
31:06.1,17153130,102876,Voltage,332.8
31:06.1,17153130,102876,Battery_SOC,45
31:06.1,17155514,2384,Temp_High,38
31:06.1,17155514,2384,Temp_Low,28
31:06.3,17258378,102864,Current,38.8
31:06.3,17258378,102864,Voltage,332.8
31:06.3,17258378,102864,Battery_SOC,46
31:06.3,17260791,2413,Temp_High,38
31:06.3,17260791,2413,Temp_Low,28
31:06.4,17363643,102852,Current,39.8
31:06.4,17363643,102852,Voltage,332.8
31:06.4,17363643,102852,Battery_SOC,47
31:06.4,17366063,2420,Temp_High,38
31:06.4,17366063,2420,Temp_Low,28
31:06.5,17468921,102858,Current,40.8
31:06.5,17468921,102858,Voltage,332.8
31:06.5,17468921,102858,Battery_SOC,48
31:06.5,17471336,2415,Temp_High,39
31:06.5,17471336,2415,Temp_Low,29
31:06.6,17574196,102860,Current,41.8
31:06.6,17574196,102860,Voltage,332.8
31:06.6,17574196,102860,Battery_SOC,49
31:06.6,17576593,2397,Temp_High,39
31:06.6,17576593,2397,Temp_Low,29
31:06.7,17679421,102828,Current,42.8
31:06.7,17679421,102828,Voltage,332.8
31:06.7,17679421,102828,Battery_SOC,50
31:06.7,17681872,2451,Temp_High,40
31:06.7,17681872,2451,Temp_Low,30
31:06.8,17784692,102820,Current,43.8
31:06.8,17784692,102820,Voltage,332.8
31:06.8,17784692,102820,Battery_SOC,51
31:06.8,17787142,2450,Temp_High,40
31:06.8,17787142,2450,Temp_Low,30
31:06.9,17890002,102860,Current,70.4
31:06.9,17890002,102860,Voltage,332.8
31:06.9,17890002,102860,Battery_SOC,52
31:06.9,17892419,2417,Temp_High,40
31:06.9,17892419,2417,Temp_Low,30
31:07.0,17995233,102814,Current,71.4
31:07.0,17995233,102814,Voltage,332.8
31:07.0,17995233,102814,Battery_SOC,53
31:07.0,17997699,2466,Temp_High,41
31:07.0,17997699,2466,Temp_Low,31
31:07.1,18100505,102806,Current,72.4
31:07.1,18100505,102806,Voltage,332.8
31:07.1,18100505,102806,Battery_SOC,54
31:07.1,18102974,2469,Temp_High,41
31:07.1,18102974,2469,Temp_Low,31
31:07.2,18205830,102856,Current,73.4
31:07.2,18205830,102856,Voltage,332.8
31:07.2,18205830,102856,Battery_SOC,55
31:07.2,18208244,2414,Temp_High,42
31:07.2,18208244,2414,Temp_Low,32
31:07.3,18311096,102852,Current,74.4
31:07.3,18311096,102852,Voltage,332.8
31:07.3,18311096,102852,Battery_SOC,56
31:07.3,18313527,2431,Temp_High,42
31:07.3,18313527,2431,Temp_Low,32
31:07.4,18416760,103233,Current,75.4
31:07.4,18416760,103233,Voltage,332.8
31:07.4,18416760,103233,Battery_SOC,57
31:07.4,18418818,2058,Temp_High,42
31:07.4,18418818,2058,Temp_Low,32
31:07.5,18521640,102822,Current,76.4
31:07.5,18521640,102822,Voltage,332.8
31:07.5,18521640,102822,Battery_SOC,58
31:07.5,18524128,2488,Temp_High,43
31:07.5,18524128,2488,Temp_Low,33
31:07.6,18626989,102861,Current,51.8
31:07.6,18626989,102861,Voltage,358.4
31:07.6,18626989,102861,Battery_SOC,59
31:07.6,18629302,2313,Temp_High,43
31:07.6,18629302,2313,Temp_Low,33
31:07.7,18732042,102740,Current,52.8
31:07.7,18732042,102740,Voltage,358.4
31:07.7,18732042,102740,Battery_SOC,60
31:07.7,18734576,2534,Temp_High,44
31:07.7,18734576,2534,Temp_Low,34
31:07.8,18837386,102810,Current,53.8
31:07.8,18837386,102810,Voltage,358.4
31:07.8,18837386,102810,Battery_SOC,61
31:07.8,18839853,2467,Temp_High,44
31:07.8,18839853,2467,Temp_Low,34
31:07.9,18942669,102816,Current,54.8
31:07.9,18942669,102816,Voltage,358.4
31:07.9,18942669,102816,Battery_SOC,62
31:07.9,18945130,2461,Temp_High,44
31:07.9,18945130,2461,Temp_Low,34
31:08.0,19047896,102766,Current,55.8
31:08.0,19047896,102766,Voltage,358.4
31:08.0,19047896,102766,Battery_SOC,63
31:08.0,19050402,2506,Temp_High,45
31:08.0,19050402,2506,Temp_Low,35
31:08.1,19153196,102794,Current,56.8
31:08.1,19153196,102794,Voltage,358.4
31:08.1,19153196,102794,Battery_SOC,64
31:08.1,19155671,2475,Temp_High,45
31:08.1,19155671,2475,Temp_Low,35
31:08.3,19258539,102868,Current,57.8
31:08.3,19258539,102868,Voltage,358.4
31:08.3,19258539,102868,Battery_SOC,65
31:08.3,19260943,2404,Temp_High,46
31:08.3,19260943,2404,Temp_Low,36
31:08.4,19363765,102822,Current,58.8
31:08.4,19363765,102822,Voltage,358.4
31:08.4,19363765,102822,Battery_SOC,66
31:08.4,19366220,2455,Temp_High,46
31:08.4,19366220,2455,Temp_Low,36
31:08.5,19469082,102862,Current,59.8
31:08.5,19469082,102862,Voltage,358.4
31:08.5,19469082,102862,Battery_SOC,67
31:08.5,19471495,2413,Temp_High,46
31:08.5,19471495,2413,Temp_Low,36
31:08.6,19574319,102824,Current,60.8
31:08.6,19574319,102824,Voltage,358.4
31:08.6,19574319,102824,Battery_SOC,68
31:08.6,19576756,2437,Temp_High,47
31:08.6,19576756,2437,Temp_Low,37
31:08.7,19679614,102858,Current,61.8
31:08.7,19679614,102858,Voltage,358.4
31:08.7,19679614,102858,Battery_SOC,69
31:08.7,19682025,2411,Temp_High,47
31:08.7,19682025,2411,Temp_Low,37
31:08.8,19784815,102790,Current,62.8
31:08.8,19784815,102790,Voltage,358.4
31:08.8,19784815,102790,Battery_SOC,70
31:08.8,19787309,2494,Temp_High,48
31:08.8,19787309,2494,Temp_Low,38
31:08.9,19890161,102852,Current,63.8
31:08.9,19890161,102852,Voltage,358.4
31:08.9,19890161,102852,Battery_SOC,71
31:08.9,19892578,2417,Temp_High,48
31:08.9,19892578,2417,Temp_Low,38
31:09.0,19995415,102837,Current,64.8
31:09.0,19995415,102837,Voltage,358.4
31:09.0,19995415,102837,Battery_SOC,72
31:09.0,19997848,2433,Temp_High,48
31:09.0,19997848,2433,Temp_Low,38
31:09.1,20100704,102856,Current,65.8
31:09.1,20100704,102856,Voltage,358.4
31:09.1,20100704,102856,Battery_SOC,73
31:09.1,20103125,2421,Temp_High,49
31:09.1,20103125,2421,Temp_Low,39
31:09.2,20205927,102802,Current,66.8
31:09.2,20205927,102802,Voltage,358.4
31:09.2,20205927,102802,Battery_SOC,74
31:09.2,20208447,2520,Temp_High,49
31:09.2,20208447,2520,Temp_Low,39
31:09.3,20311270,102823,Current,67.8
31:09.3,20311270,102823,Voltage,358.4
31:09.3,20311270,102823,Battery_SOC,75
31:09.3,20313673,2403,Temp_High,50
31:09.3,20313673,2403,Temp_Low,40
31:09.4,20416509,102836,Current,68.8
31:09.4,20416509,102836,Voltage,358.4
31:09.4,20416509,102836,Battery_SOC,76
31:09.4,20418961,2452,Temp_High,50
31:09.4,20418961,2452,Temp_Low,40
31:09.5,20521726,102765,Current,95.4
31:09.5,20521726,102765,Voltage,358.4
31:09.5,20521726,102765,Battery_SOC,77
31:09.5,20524246,2520,Temp_High,50
31:09.5,20524246,2520,Temp_Low,40
31:09.6,20627086,102840,Current,96.4
31:09.6,20627086,102840,Voltage,358.4
31:09.6,20627086,102840,Battery_SOC,78
31:09.6,20629518,2432,Temp_High,51
31:09.6,20629518,2432,Temp_Low,41
31:09.7,20732340,102822,Current,97.4
31:09.7,20732340,102822,Voltage,358.4
31:09.7,20732340,102822,Battery_SOC,79
31:09.7,20734783,2443,Temp_High,51
31:09.7,20734783,2443,Temp_Low,41
31:09.8,20837589,102806,Current,98.4
31:09.8,20837589,102806,Voltage,358.4
31:09.8,20837589,102806,Battery_SOC,80
31:09.8,20840057,2468,Temp_High,52
31:09.8,20840057,2468,Temp_Low,42
31:09.9,20942922,102865,Current,99.4
31:09.9,20942922,102865,Voltage,358.4
31:09.9,20942922,102865,Battery_SOC,81
31:09.9,20945316,2394,Temp_High,52
31:09.9,20945316,2394,Temp_Low,42
31:10.0,21048186,102870,Current,100.4
31:10.0,21048186,102870,Voltage,358.4
31:10.0,21048186,102870,Battery_SOC,82
31:10.0,21050585,2399,Temp_High,52
31:10.0,21050585,2399,Temp_Low,42
31:10.1,21153401,102816,Current,101.4
31:10.1,21153401,102816,Voltage,358.4
31:10.1,21153401,102816,Battery_SOC,83
31:10.1,21155854,2453,Temp_High,53
31:10.1,21155854,2453,Temp_Low,43
31:10.3,21258664,102810,Current,76.8
31:10.3,21258664,102810,Voltage,384
31:10.3,21258664,102810,Battery_SOC,84
31:10.3,21261082,2418,Temp_High,53
31:10.3,21261082,2418,Temp_Low,43
31:10.4,21363944,102862,Current,77.8
31:10.4,21363944,102862,Voltage,384
31:10.4,21363944,102862,Battery_SOC,85
31:10.4,21366325,2381,Temp_High,54
31:10.4,21366325,2381,Temp_Low,44
31:10.5,21469135,102810,Current,78.8
31:10.5,21469135,102810,Voltage,384
31:10.5,21469135,102810,Battery_SOC,86
31:10.5,21471596,2461,Temp_High,54
31:10.5,21471596,2461,Temp_Low,44
31:10.6,21574396,102800,Current,79.8
31:10.6,21574396,102800,Voltage,384
31:10.6,21574396,102800,Battery_SOC,87
31:10.6,21576860,2464,Temp_High,54
31:10.6,21576860,2464,Temp_Low,44
31:10.7,21679736,102876,Current,80.8
31:10.7,21679736,102876,Voltage,384
31:10.7,21679736,102876,Battery_SOC,88
31:10.7,21682127,2391,Temp_High,55
31:10.7,21682127,2391,Temp_Low,45
31:10.8,21784993,102866,Current,81.8
31:10.8,21784993,102866,Voltage,384
31:10.8,21784993,102866,Battery_SOC,89
31:10.8,21787407,2414,Temp_High,55
31:10.8,21787407,2414,Temp_Low,45
31:10.9,21890212,102805,Current,82.8
31:10.9,21890212,102805,Voltage,384
31:10.9,21890212,102805,Battery_SOC,90
31:10.9,21892730,2518,Temp_High,56
31:10.9,21892730,2518,Temp_Low,46
31:11.0,21995558,102828,Current,83.8
31:11.0,21995558,102828,Voltage,384
31:11.0,21995558,102828,Battery_SOC,91
31:11.0,21997941,2383,Temp_High,56
31:11.0,21997941,2383,Temp_Low,46
31:11.1,22100735,102794,Current,84.8
31:11.1,22100735,102794,Voltage,384
31:11.1,22100735,102794,Battery_SOC,92
31:11.1,22103403,2668,Temp_High,56
31:11.1,22103403,2668,Temp_Low,46
31:11.2,22206093,102690,Current,85.8
31:11.2,22206093,102690,Voltage,384
31:11.2,22206093,102690,Battery_SOC,93
31:11.2,22208484,2391,Temp_High,57
31:11.2,22208484,2391,Temp_Low,47
31:11.3,22311300,102816,Current,86.8
31:11.3,22311300,102816,Voltage,384
31:11.3,22311300,102816,Battery_SOC,94
31:11.3,22313742,2442,Temp_High,57
31:11.3,22313742,2442,Temp_Low,47
31:11.4,22416605,102863,Current,87.8
31:11.4,22416605,102863,Voltage,384
31:11.4,22416605,102863,Battery_SOC,95
31:11.4,22419019,2414,Temp_High,58
31:11.4,22419019,2414,Temp_Low,48
31:11.5,22521815,102796,Current,88.8
31:11.5,22521815,102796,Voltage,384
31:11.5,22521815,102796,Battery_SOC,96
31:11.5,22524294,2479,Temp_High,58
31:11.5,22524294,2479,Temp_Low,48
31:11.6,22627148,102854,Current,89.8
31:11.6,22627148,102854,Voltage,384
31:11.6,22627148,102854,Battery_SOC,97
31:11.6,22629568,2420,Temp_High,58
31:11.6,22629568,2420,Temp_Low,48
31:11.7,22732424,102856,Current,90.8
31:11.7,22732424,102856,Voltage,384
31:11.7,22732424,102856,Battery_SOC,98
31:11.7,22734833,2409,Temp_High,59
31:11.7,22734833,2409,Temp_Low,49
31:11.8,22837641,102808,Current,91.8
31:11.8,22837641,102808,Voltage,384
31:11.8,22837641,102808,Battery_SOC,99
31:11.8,22840109,2468,Temp_High,59
31:11.8,22840109,2468,Temp_Low,49
31:11.9,22942925,102816,Current,92.8
31:11.9,22942925,102816,Voltage,384
31:11.9,22942925,102816,Battery_SOC,100
31:11.9,22945428,2503,Temp_High,60
31:11.9,22945428,2503,Temp_Low,50
31:12.0,23048352,102924,Current,18.4
31:12.0,23048352,102924,Voltage,281.6
31:12.0,23048352,102924,Battery_SOC,0
31:12.0,23050669,2317,Temp_High,20
31:12.0,23050669,2317,Temp_Low,10
31:12.1,23153448,102779,Current,19.4
31:12.1,23153448,102779,Voltage,281.6
31:12.1,23153448,102779,Battery_SOC,1
31:12.1,23155787,2339,Temp_High,20
31:12.1,23155787,2339,Temp_Low,10
31:12.3,23258509,102722,Current,20.4
31:12.3,23258509,102722,Voltage,281.6
31:12.3,23258509,102722,Battery_SOC,2
31:12.3,23260892,2383,Temp_High,20
31:12.3,23260892,2383,Temp_Low,10
31:12.4,23363618,102726,Current,21.4
31:12.4,23363618,102726,Voltage,281.6
31:12.4,23363618,102726,Battery_SOC,3
31:12.4,23365994,2376,Temp_High,21
31:12.4,23365994,2376,Temp_Low,11
31:12.5,23468790,102796,Current,22.4
31:12.5,23468790,102796,Voltage,281.6
31:12.5,23468790,102796,Battery_SOC,4
31:12.5,23471109,2319,Temp_High,21
31:12.5,23471109,2319,Temp_Low,11
31:12.6,23573821,102712,Current,23.4
31:12.6,23573821,102712,Voltage,281.6
31:12.6,23573821,102712,Battery_SOC,5
31:12.6,23576269,2448,Temp_High,22
31:12.6,23576269,2448,Temp_Low,12
31:12.7,23679029,102760,Current,24.4
31:12.7,23679029,102760,Voltage,281.6
31:12.7,23679029,102760,Battery_SOC,6
31:12.7,23681320,2291,Temp_High,22
31:12.7,23681320,2291,Temp_Low,12
31:12.8,23784130,102810,Current,25.4
31:12.8,23784130,102810,Voltage,281.6
31:12.8,23784130,102810,Battery_SOC,7
31:12.8,23786429,2299,Temp_High,22
31:12.8,23786429,2299,Temp_Low,12
31:12.9,23889161,102732,Current,0.8
31:12.9,23889161,102732,Voltage,307.2
31:12.9,23889161,102732,Battery_SOC,8
31:12.9,23891531,2370,Temp_High,23
31:12.9,23891531,2370,Temp_Low,13
31:13.0,23994277,102746,Current,1.8
31:13.0,23994277,102746,Voltage,307.2
31:13.0,23994277,102746,Battery_SOC,9
31:13.0,23996668,2391,Temp_High,23
31:13.0,23996668,2391,Temp_Low,13
31:13.1,24099454,102786,Current,2.8
31:13.1,24099454,102786,Voltage,307.2
31:13.1,24099454,102786,Battery_SOC,10
31:13.1,24101854,2400,Temp_High,24
31:13.1,24101854,2400,Temp_Low,14
31:13.2,24204684,102830,Current,3.8
31:13.2,24204684,102830,Voltage,307.2
31:13.2,24204684,102830,Battery_SOC,11
31:13.2,24207091,2407,Temp_High,24
31:13.2,24207091,2407,Temp_Low,14
31:13.3,24309863,102772,Current,4.8
31:13.3,24309863,102772,Voltage,307.2
31:13.3,24309863,102772,Battery_SOC,12
31:13.3,24312317,2454,Temp_High,24
31:13.3,24312317,2454,Temp_Low,14
31:13.4,24415089,102772,Current,5.8
31:13.4,24415089,102772,Voltage,307.2
31:13.4,24415089,102772,Battery_SOC,13
31:13.4,24417554,2465,Temp_High,25
31:13.4,24417554,2465,Temp_Low,15
31:13.5,24520382,102828,Current,6.8
31:13.5,24520382,102828,Voltage,307.2
31:13.5,24520382,102828,Battery_SOC,14
31:13.5,24522784,2402,Temp_High,25
31:13.5,24522784,2402,Temp_Low,15
31:13.6,24625606,102822,Current,7.8
31:13.6,24625606,102822,Voltage,307.2
31:13.6,24625606,102822,Battery_SOC,15
31:13.6,24628013,2407,Temp_High,26
31:13.6,24628013,2407,Temp_Low,16
31:13.7,24730841,102828,Current,8.8
31:13.7,24730841,102828,Voltage,307.2
31:13.7,24730841,102828,Battery_SOC,16
31:13.7,24733280,2439,Temp_High,26
31:13.7,24733280,2439,Temp_Low,16
31:13.8,24836092,102812,Current,9.8
31:13.8,24836092,102812,Voltage,307.2
31:13.8,24836092,102812,Battery_SOC,17
31:13.8,24838547,2455,Temp_High,26
31:13.8,24838547,2455,Temp_Low,16
31:13.9,24941414,102867,Current,10.8
31:13.9,24941414,102867,Voltage,307.2
31:13.9,24941414,102867,Battery_SOC,18
31:13.9,24943817,2403,Temp_High,27
31:13.9,24943817,2403,Temp_Low,17
31:14.0,25046687,102870,Current,11.8
31:14.0,25046687,102870,Voltage,307.2
31:14.0,25046687,102870,Battery_SOC,19
31:14.0,25049092,2405,Temp_High,27
31:14.0,25049092,2405,Temp_Low,17
31:14.1,25151956,102864,Current,12.8
31:14.1,25151956,102864,Voltage,307.2
31:14.1,25151956,102864,Battery_SOC,20
31:14.1,25154375,2419,Temp_High,28
31:14.1,25154375,2419,Temp_Low,18
31:14.3,25257223,102848,Current,13.8
31:14.3,25257223,102848,Voltage,307.2
31:14.3,25257223,102848,Battery_SOC,21
31:14.3,25259669,2446,Temp_High,28
31:14.3,25259669,2446,Temp_Low,18
31:14.4,25362551,102882,Current,14.8
31:14.4,25362551,102882,Voltage,307.2
31:14.4,25362551,102882,Battery_SOC,22
31:14.4,25364898,2347,Temp_High,28
31:14.4,25364898,2347,Temp_Low,18
31:14.5,25467768,102870,Current,15.8
31:14.5,25467768,102870,Voltage,307.2
31:14.5,25467768,102870,Battery_SOC,23
31:14.5,25470161,2393,Temp_High,29
31:14.5,25470161,2393,Temp_Low,19
31:14.6,25573040,102879,Current,16.8
31:14.6,25573040,102879,Voltage,307.2
31:14.6,25573040,102879,Battery_SOC,24
31:14.6,25575423,2383,Temp_High,29
31:14.6,25575423,2383,Temp_Low,19
31:14.7,25678231,102808,Current,17.8
31:14.7,25678231,102808,Voltage,307.2
31:14.7,25678231,102808,Battery_SOC,25
31:14.7,25680696,2465,Temp_High,30
31:14.7,25680696,2465,Temp_Low,20
31:14.8,25783458,102762,Current,44.4
31:14.8,25783458,102762,Voltage,307.2
31:14.8,25783458,102762,Battery_SOC,26
31:14.8,25785974,2516,Temp_High,30
31:14.8,25785974,2516,Temp_Low,20
31:14.9,25888782,102808,Current,45.4
31:14.9,25888782,102808,Voltage,307.2
31:14.9,25888782,102808,Battery_SOC,27
31:14.9,25891237,2455,Temp_High,30
31:14.9,25891237,2455,Temp_Low,20
31:15.0,25994363,103126,Current,46.4
31:15.0,25994363,103126,Voltage,307.2
31:15.0,25994363,103126,Battery_SOC,28
31:15.0,25996510,2147,Temp_High,31
31:15.0,25996510,2147,Temp_Low,21
31:15.1,26099348,102838,Current,47.4
31:15.1,26099348,102838,Voltage,307.2
31:15.1,26099348,102838,Battery_SOC,29
31:15.1,26101782,2434,Temp_High,31
31:15.1,26101782,2434,Temp_Low,21
31:15.2,26204523,102741,Current,48.4
31:15.2,26204523,102741,Voltage,307.2
31:15.2,26204523,102741,Battery_SOC,30
31:15.2,26207115,2592,Temp_High,32
31:15.2,26207115,2592,Temp_Low,22
31:15.3,26309899,102784,Current,49.4
31:15.3,26309899,102784,Voltage,307.2
31:15.3,26309899,102784,Battery_SOC,31
31:15.3,26312316,2417,Temp_High,32
31:15.3,26312316,2417,Temp_Low,22
31:15.4,26415122,102806,Current,50.4
31:15.4,26415122,102806,Voltage,307.2
31:15.4,26415122,102806,Battery_SOC,32
31:15.4,26417595,2473,Temp_High,32
31:15.4,26417595,2473,Temp_Low,22
31:15.5,26520413,102818,Current,25.8
31:15.5,26520413,102818,Voltage,332.8
31:15.5,26520413,102818,Battery_SOC,33
31:15.5,26522827,2414,Temp_High,33
31:15.5,26522827,2414,Temp_Low,23
31:15.6,26625691,102864,Current,26.8
31:15.6,26625691,102864,Voltage,332.8
31:15.6,26625691,102864,Battery_SOC,34
31:15.6,26628064,2373,Temp_High,33
31:15.6,26628064,2373,Temp_Low,23
31:15.7,26730949,102885,Current,27.8
31:15.7,26730949,102885,Voltage,332.8
31:15.7,26730949,102885,Battery_SOC,35
31:15.7,26733336,2387,Temp_High,34
31:15.7,26733336,2387,Temp_Low,24
31:15.8,26836194,102858,Current,28.8
31:15.8,26836194,102858,Voltage,332.8
31:15.8,26836194,102858,Battery_SOC,36
31:15.8,26838599,2405,Temp_High,34
31:15.8,26838599,2405,Temp_Low,24
31:15.9,26941451,102852,Current,29.8
31:15.9,26941451,102852,Voltage,332.8
31:15.9,26941451,102852,Battery_SOC,37
31:15.9,26943915,2464,Temp_High,34
31:15.9,26943915,2464,Temp_Low,24
31:16.0,27046779,102864,Current,30.8
31:16.0,27046779,102864,Voltage,332.8
31:16.0,27046779,102864,Battery_SOC,38
31:16.0,27049148,2369,Temp_High,35
31:16.0,27049148,2369,Temp_Low,25
31:16.1,27151972,102824,Current,31.8
31:16.1,27151972,102824,Voltage,332.8
31:16.1,27151972,102824,Battery_SOC,39
31:16.1,27154427,2455,Temp_High,35
31:16.1,27154427,2455,Temp_Low,25
31:16.3,27257307,102880,Current,32.8
31:16.3,27257307,102880,Voltage,332.8
31:16.3,27257307,102880,Battery_SOC,40
31:16.3,27259687,2380,Temp_High,36
31:16.3,27259687,2380,Temp_Low,26
31:16.4,27362498,102811,Current,33.8
31:16.4,27362498,102811,Voltage,332.8
31:16.4,27362498,102811,Battery_SOC,41
31:16.4,27364954,2456,Temp_High,36
31:16.4,27364954,2456,Temp_Low,26
31:16.5,27467752,102798,Current,34.8
31:16.5,27467752,102798,Voltage,332.8
31:16.5,27467752,102798,Battery_SOC,42
31:16.5,27470222,2470,Temp_High,36
31:16.5,27470222,2470,Temp_Low,26
31:16.6,27573076,102854,Current,35.8
31:16.6,27573076,102854,Voltage,332.8
31:16.6,27573076,102854,Battery_SOC,43
31:16.6,27575485,2409,Temp_High,37
31:16.6,27575485,2409,Temp_Low,27
31:16.7,27678309,102824,Current,36.8
31:16.7,27678309,102824,Voltage,332.8
31:16.7,27678309,102824,Battery_SOC,44
31:16.7,27680760,2451,Temp_High,37
31:16.7,27680760,2451,Temp_Low,27
31:16.8,27783635,102875,Current,37.8
31:16.8,27783635,102875,Voltage,332.8
31:16.8,27783635,102875,Battery_SOC,45
31:16.8,27786034,2399,Temp_High,38
31:16.8,27786034,2399,Temp_Low,28
31:16.9,27888842,102808,Current,38.8
31:16.9,27888842,102808,Voltage,332.8
31:16.9,27888842,102808,Battery_SOC,46
31:16.9,27891297,2455,Temp_High,38
31:16.9,27891297,2455,Temp_Low,28
31:17.0,27994101,102804,Current,39.8
31:17.0,27994101,102804,Voltage,332.8
31:17.0,27994101,102804,Battery_SOC,47
31:17.0,27996565,2464,Temp_High,38
31:17.0,27996565,2464,Temp_Low,28
31:17.1,28099408,102843,Current,40.8
31:17.1,28099408,102843,Voltage,332.8
31:17.1,28099408,102843,Battery_SOC,48
31:17.1,28101834,2426,Temp_High,39
31:17.1,28101834,2426,Temp_Low,29
31:17.2,28204586,102752,Current,41.8
31:17.2,28204586,102752,Voltage,332.8
31:17.2,28204586,102752,Battery_SOC,49
31:17.2,28207109,2523,Temp_High,39
31:17.2,28207109,2523,Temp_Low,29
31:17.3,28309895,102786,Current,42.8
31:17.3,28309895,102786,Voltage,332.8
31:17.3,28309895,102786,Battery_SOC,50
31:17.3,28312380,2485,Temp_High,40
31:17.3,28312380,2485,Temp_Low,30
31:17.4,28415238,102858,Current,43.8
31:17.4,28415238,102858,Voltage,332.8
31:17.4,28415238,102858,Battery_SOC,51
31:17.4,28417658,2420,Temp_High,40
31:17.4,28417658,2420,Temp_Low,30
31:17.5,28520466,102808,Current,70.4
31:17.5,28520466,102808,Voltage,332.8
31:17.5,28520466,102808,Battery_SOC,52
31:17.5,28522929,2463,Temp_High,40
31:17.5,28522929,2463,Temp_Low,30
31:17.6,28625701,102772,Current,71.4
31:17.6,28625701,102772,Voltage,332.8
31:17.6,28625701,102772,Battery_SOC,53
31:17.6,28628256,2555,Temp_High,41
31:17.6,28628256,2555,Temp_Low,31
31:17.7,28731085,102829,Current,72.4
31:17.7,28731085,102829,Voltage,332.8
31:17.7,28731085,102829,Battery_SOC,54
31:17.7,28733450,2365,Temp_High,41
31:17.7,28733450,2365,Temp_Low,31
31:17.8,28836268,102818,Current,73.4
31:17.8,28836268,102818,Voltage,332.8
31:17.8,28836268,102818,Battery_SOC,55
31:17.8,28838729,2461,Temp_High,42
31:17.8,28838729,2461,Temp_Low,32
31:17.9,28941584,102855,Current,74.4
31:17.9,28941584,102855,Voltage,332.8
31:17.9,28941584,102855,Battery_SOC,56
31:17.9,28944027,2443,Temp_High,42
31:17.9,28944027,2443,Temp_Low,32
31:18.0,29046839,102812,Current,75.4
31:18.0,29046839,102812,Voltage,332.8
31:18.0,29046839,102812,Battery_SOC,57
31:18.0,29049276,2437,Temp_High,42
31:18.0,29049276,2437,Temp_Low,32
31:18.1,29152090,102814,Current,76.4
31:18.1,29152090,102814,Voltage,332.8
31:18.1,29152090,102814,Battery_SOC,58
31:18.1,29154552,2462,Temp_High,43
31:18.1,29154552,2462,Temp_Low,33
31:18.3,29257372,102820,Current,51.8
31:18.3,29257372,102820,Voltage,358.4
31:18.3,29257372,102820,Battery_SOC,59
31:18.3,29259779,2407,Temp_High,43
31:18.3,29259779,2407,Temp_Low,33
31:18.4,29362651,102872,Current,52.8
31:18.4,29362651,102872,Voltage,358.4
31:18.4,29362651,102872,Battery_SOC,60
31:18.4,29365050,2399,Temp_High,44
31:18.4,29365050,2399,Temp_Low,34
31:18.5,29467914,102864,Current,53.8
31:18.5,29467914,102864,Voltage,358.4
31:18.5,29467914,102864,Battery_SOC,61
31:18.5,29470330,2416,Temp_High,44
31:18.5,29470330,2416,Temp_Low,34
31:18.6,29573188,102858,Current,54.8
31:18.6,29573188,102858,Voltage,358.4
31:18.6,29573188,102858,Battery_SOC,62
31:18.6,29575587,2399,Temp_High,44
31:18.6,29575587,2399,Temp_Low,34
31:18.7,29678437,102850,Current,55.8
31:18.7,29678437,102850,Voltage,358.4
31:18.7,29678437,102850,Battery_SOC,63
31:18.7,29680929,2492,Temp_High,45
31:18.7,29680929,2492,Temp_Low,35
31:18.8,29783622,102693,Current,56.8
31:18.8,29783622,102693,Voltage,358.4
31:18.8,29783622,102693,Battery_SOC,64
31:18.8,29786142,2520,Temp_High,45
31:18.8,29786142,2520,Temp_Low,35
31:18.9,29889004,102862,Current,57.8
31:18.9,29889004,102862,Voltage,358.4
31:18.9,29889004,102862,Battery_SOC,65
31:18.9,29891418,2414,Temp_High,46
31:18.9,29891418,2414,Temp_Low,36
31:19.0,29994181,102763,Current,58.8
31:19.0,29994181,102763,Voltage,358.4
31:19.0,29994181,102763,Battery_SOC,66
31:19.0,29996677,2496,Temp_High,46
31:19.0,29996677,2496,Temp_Low,36
31:19.1,30099426,102749,Current,59.8
31:19.1,30099426,102749,Voltage,358.4
31:19.1,30099426,102749,Battery_SOC,67
31:19.1,30101946,2520,Temp_High,46
31:19.1,30101946,2520,Temp_Low,36
31:19.2,30204690,102744,Current,60.8
31:19.2,30204690,102744,Voltage,358.4
31:19.2,30204690,102744,Battery_SOC,68
31:19.2,30207212,2522,Temp_High,47
31:19.2,30207212,2522,Temp_Low,37
31:19.3,30309993,102781,Current,61.8
31:19.3,30309993,102781,Voltage,358.4
31:19.3,30309993,102781,Battery_SOC,69
31:19.3,30312545,2552,Temp_High,47
31:19.3,30312545,2552,Temp_Low,37
31:19.4,30415381,102836,Current,62.8
31:19.4,30415381,102836,Voltage,358.4
31:19.4,30415381,102836,Battery_SOC,70
31:19.4,30417766,2385,Temp_High,48
31:19.4,30417766,2385,Temp_Low,38
31:19.5,30520506,102740,Current,63.8
31:19.5,30520506,102740,Voltage,358.4
31:19.5,30520506,102740,Battery_SOC,71
31:19.5,30523040,2534,Temp_High,48
31:19.5,30523040,2534,Temp_Low,38
31:19.6,30625862,102822,Current,64.8
31:19.6,30625862,102822,Voltage,358.4
31:19.6,30625862,102822,Battery_SOC,72
31:19.6,30628313,2451,Temp_High,48
31:19.6,30628313,2451,Temp_Low,38
31:19.7,30731197,102884,Current,65.8
31:19.7,30731197,102884,Voltage,358.4
31:19.7,30731197,102884,Battery_SOC,73
31:19.7,30733583,2386,Temp_High,49
31:19.7,30733583,2386,Temp_Low,39
31:19.8,30836406,102823,Current,66.8
31:19.8,30836406,102823,Voltage,358.4
31:19.8,30836406,102823,Battery_SOC,74
31:19.8,30838864,2458,Temp_High,49
31:19.8,30838864,2458,Temp_Low,39
31:19.9,30941608,102744,Current,67.8
31:19.9,30941608,102744,Voltage,358.4
31:19.9,30941608,102744,Battery_SOC,75
31:19.9,30944133,2525,Temp_High,50
31:19.9,30944133,2525,Temp_Low,40
31:20.0,31046917,102784,Current,68.8
31:20.0,31046917,102784,Voltage,358.4
31:20.0,31046917,102784,Battery_SOC,76
31:20.0,31049401,2484,Temp_High,50
31:20.0,31049401,2484,Temp_Low,40
31:20.1,31152255,102854,Current,95.4
31:20.1,31152255,102854,Voltage,358.4
31:20.1,31152255,102854,Battery_SOC,77
31:20.1,31154678,2423,Temp_High,50
31:20.1,31154678,2423,Temp_Low,40
31:20.2,31257484,102806,Current,96.4
31:20.2,31257484,102806,Voltage,358.4
31:20.2,31257484,102806,Battery_SOC,78
31:20.3,31259955,2471,Temp_High,51
31:20.3,31259955,2471,Temp_Low,41
31:20.4,31362743,102788,Current,97.4
31:20.4,31362743,102788,Voltage,358.4
31:20.4,31362743,102788,Battery_SOC,79
31:20.4,31365235,2492,Temp_High,51
31:20.4,31365235,2492,Temp_Low,41
31:20.5,31468115,102880,Current,98.4
31:20.5,31468115,102880,Voltage,358.4
31:20.5,31468115,102880,Battery_SOC,80
31:20.5,31470508,2393,Temp_High,52
31:20.5,31470508,2393,Temp_Low,42
31:20.6,31573320,102812,Current,99.4
31:20.6,31573320,102812,Voltage,358.4
31:20.6,31573320,102812,Battery_SOC,81
31:20.6,31575786,2466,Temp_High,52
31:20.6,31575786,2466,Temp_Low,42
31:20.7,31678566,102780,Current,100.4
31:20.7,31678566,102780,Voltage,358.4
31:20.7,31678566,102780,Battery_SOC,82
31:20.7,31681055,2489,Temp_High,52
31:20.7,31681055,2489,Temp_Low,42
31:20.8,31783925,102870,Current,101.4
31:20.8,31783925,102870,Voltage,358.4
31:20.8,31783925,102870,Battery_SOC,83
31:20.8,31786334,2409,Temp_High,53
31:20.8,31786334,2409,Temp_Low,43
31:20.9,31889146,102812,Current,76.8
31:20.9,31889146,102812,Voltage,384
31:20.9,31889146,102812,Battery_SOC,84
31:20.9,31891566,2420,Temp_High,53
31:20.9,31891566,2420,Temp_Low,43
31:21.0,31994321,102755,Current,77.8
31:21.0,31994321,102755,Voltage,384
31:21.0,31994321,102755,Battery_SOC,85
31:21.0,31996845,2524,Temp_High,54
31:21.0,31996845,2524,Temp_Low,44
31:21.1,32099701,102856,Current,78.8
31:21.1,32099701,102856,Voltage,384
31:21.1,32099701,102856,Battery_SOC,86
31:21.1,32102070,2369,Temp_High,54
31:21.1,32102070,2369,Temp_Low,44
31:21.2,32204949,102879,Current,79.8
31:21.2,32204949,102879,Voltage,384
31:21.2,32204949,102879,Battery_SOC,87
31:21.2,32207336,2387,Temp_High,54
31:21.2,32207336,2387,Temp_Low,44
31:21.3,32310134,102798,Current,80.8
31:21.3,32310134,102798,Voltage,384
31:21.3,32310134,102798,Battery_SOC,88
31:21.3,32312597,2463,Temp_High,55
31:21.3,32312597,2463,Temp_Low,45
31:21.4,32415441,102844,Current,81.8
31:21.4,32415441,102844,Voltage,384
31:21.4,32415441,102844,Battery_SOC,89
31:21.4,32417923,2482,Temp_High,55
31:21.4,32417923,2482,Temp_Low,45
31:21.5,32520699,102776,Current,82.8
31:21.5,32520699,102776,Voltage,384
31:21.5,32520699,102776,Battery_SOC,90
31:21.5,32523152,2453,Temp_High,56
31:21.5,32523152,2453,Temp_Low,46
31:21.6,32625887,102735,Current,83.8
31:21.6,32625887,102735,Voltage,384
31:21.6,32625887,102735,Battery_SOC,91
31:21.6,32628409,2522,Temp_High,56
31:21.6,32628409,2522,Temp_Low,46
31:21.7,32731155,102746,Current,84.8
31:21.7,32731155,102746,Voltage,384
31:21.7,32731155,102746,Battery_SOC,92
31:21.7,32733679,2524,Temp_High,56
31:21.7,32733679,2524,Temp_Low,46
31:21.8,32836505,102826,Current,85.8
31:21.8,32836505,102826,Voltage,384
31:21.8,32836505,102826,Battery_SOC,93
31:21.8,32838954,2449,Temp_High,57
31:21.8,32838954,2449,Temp_Low,47
31:21.9,32941818,102864,Current,86.8
31:21.9,32941818,102864,Voltage,384
31:21.9,32941818,102864,Battery_SOC,94
31:21.9,32944210,2392,Temp_High,57
31:21.9,32944210,2392,Temp_Low,47
31:22.0,33047023,102813,Current,87.8
31:22.0,33047023,102813,Voltage,384
31:22.0,33047023,102813,Battery_SOC,95
31:22.0,33049487,2464,Temp_High,58
31:22.0,33049487,2464,Temp_Low,48
31:22.1,33152295,102808,Current,88.8
31:22.1,33152295,102808,Voltage,384
31:22.1,33152295,102808,Battery_SOC,96
31:22.1,33154764,2469,Temp_High,58
31:22.1,33154764,2469,Temp_Low,48
31:22.3,33257626,102862,Current,89.8
31:22.3,33257626,102862,Voltage,384
31:22.3,33257626,102862,Battery_SOC,97
31:22.3,33260038,2412,Temp_High,58
31:22.3,33260038,2412,Temp_Low,48
31:22.4,33362837,102799,Current,90.8
31:22.4,33362837,102799,Voltage,384
31:22.4,33362837,102799,Battery_SOC,98
31:22.4,33365305,2468,Temp_High,59
31:22.4,33365305,2468,Temp_Low,49
31:22.5,33468065,102760,Current,91.8
31:22.5,33468065,102760,Voltage,384
31:22.5,33468065,102760,Battery_SOC,99
31:22.5,33470592,2527,Temp_High,59
31:22.5,33470592,2527,Temp_Low,49
31:22.6,33573460,102868,Current,92.8
31:22.6,33573460,102868,Voltage,384
31:22.6,33573460,102868,Battery_SOC,100
31:22.6,33575914,2454,Temp_High,60
31:22.6,33575914,2454,Temp_Low,50
31:22.7,33678733,102819,Current,18.4
31:22.7,33678733,102819,Voltage,281.6
31:22.7,33678733,102819,Battery_SOC,0
31:22.7,33681206,2473,Temp_High,20
31:22.7,33681206,2473,Temp_Low,10
31:22.8,33783991,102785,Current,19.4
31:22.8,33783991,102785,Voltage,281.6
31:22.8,33783991,102785,Battery_SOC,1
31:22.8,33786309,2318,Temp_High,20
31:22.8,33786309,2318,Temp_Low,10
31:22.9,33889055,102746,Current,20.4
31:22.9,33889055,102746,Voltage,281.6
31:22.9,33889055,102746,Battery_SOC,2
31:22.9,33891428,2373,Temp_High,20
31:22.9,33891428,2373,Temp_Low,10
31:23.0,33994168,102740,Current,21.4
31:23.0,33994168,102740,Voltage,281.6
31:23.0,33994168,102740,Battery_SOC,3
31:23.0,33996489,2321,Temp_High,21
31:23.0,33996489,2321,Temp_Low,11
31:23.1,34099219,102730,Current,22.4
31:23.1,34099219,102730,Voltage,281.6
31:23.1,34099219,102730,Battery_SOC,4
31:23.1,34101613,2394,Temp_High,21
31:23.1,34101613,2394,Temp_Low,11
31:23.2,34204395,102782,Current,23.4
31:23.2,34204395,102782,Voltage,281.6
31:23.2,34204395,102782,Battery_SOC,5
31:23.2,34206700,2305,Temp_High,22
31:23.2,34206700,2305,Temp_Low,12
31:23.3,34309478,102778,Current,24.4
31:23.3,34309478,102778,Voltage,281.6
31:23.3,34309478,102778,Battery_SOC,6
31:23.3,34311817,2339,Temp_High,22
31:23.3,34311817,2339,Temp_Low,12
31:23.4,34414531,102714,Current,25.4
31:23.4,34414531,102714,Voltage,281.6
31:23.4,34414531,102714,Battery_SOC,7
31:23.4,34416920,2389,Temp_High,22
31:23.4,34416920,2389,Temp_Low,12
31:23.5,34519705,102785,Current,0.8
31:23.5,34519705,102785,Voltage,307.2
31:23.5,34519705,102785,Battery_SOC,8
31:23.5,34522008,2303,Temp_High,23
31:23.5,34522008,2303,Temp_Low,13
31:23.6,34624776,102768,Current,1.8
31:23.6,34624776,102768,Voltage,307.2
31:23.6,34624776,102768,Battery_SOC,9
31:23.6,34627145,2369,Temp_High,23
31:23.6,34627145,2369,Temp_Low,13
31:23.7,34729919,102774,Current,2.8
31:23.7,34729919,102774,Voltage,307.2
31:23.7,34729919,102774,Battery_SOC,10
31:23.7,34732333,2414,Temp_High,24
31:23.7,34732333,2414,Temp_Low,14
31:23.8,34835133,102800,Current,3.8
31:23.8,34835133,102800,Voltage,307.2
31:23.8,34835133,102800,Battery_SOC,11
31:23.8,34837570,2437,Temp_High,24
31:23.8,34837570,2437,Temp_Low,14
31:23.9,34940386,102816,Current,4.8
31:23.9,34940386,102816,Voltage,307.2
31:23.9,34940386,102816,Battery_SOC,12
31:23.9,34942805,2419,Temp_High,24
31:23.9,34942805,2419,Temp_Low,14
31:24.0,35045634,102829,Current,5.8
31:24.0,35045634,102829,Voltage,307.2
31:24.0,35045634,102829,Battery_SOC,13
31:24.0,35048027,2393,Temp_High,25
31:24.0,35048027,2393,Temp_Low,15
31:24.1,35150863,102836,Current,6.8
31:24.1,35150863,102836,Voltage,307.2
31:24.1,35150863,102836,Battery_SOC,14
31:24.1,35153264,2401,Temp_High,25
31:24.1,35153264,2401,Temp_Low,15
31:24.2,35256100,102836,Current,7.8
31:24.2,35256100,102836,Voltage,307.2
31:24.2,35256100,102836,Battery_SOC,15
31:24.3,35258493,2393,Temp_High,26
31:24.3,35258493,2393,Temp_Low,16
31:24.4,35361350,102857,Current,8.8
31:24.4,35361350,102857,Voltage,307.2
31:24.4,35361350,102857,Battery_SOC,16
31:24.4,35363805,2455,Temp_High,26
31:24.4,35363805,2455,Temp_Low,16
31:24.5,35466677,102872,Current,9.8
31:24.5,35466677,102872,Voltage,307.2
31:24.5,35466677,102872,Battery_SOC,17
31:24.5,35469046,2369,Temp_High,26
31:24.5,35469046,2369,Temp_Low,16
31:24.6,35571906,102860,Current,10.8
31:24.6,35571906,102860,Voltage,307.2
31:24.6,35571906,102860,Battery_SOC,18
31:24.6,35574302,2396,Temp_High,27
31:24.6,35574302,2396,Temp_Low,17
31:24.7,35677194,102892,Current,11.8
31:24.7,35677194,102892,Voltage,307.2
31:24.7,35677194,102892,Battery_SOC,19
31:24.7,35679585,2391,Temp_High,27
31:24.7,35679585,2391,Temp_Low,17
31:24.8,35782487,102902,Current,12.8
31:24.8,35782487,102902,Voltage,307.2
31:24.8,35782487,102902,Battery_SOC,20
31:24.8,35784864,2377,Temp_High,28
31:24.8,35784864,2377,Temp_Low,18
31:24.9,35887722,102858,Current,13.8
31:24.9,35887722,102858,Voltage,307.2
31:24.9,35887722,102858,Battery_SOC,21
31:24.9,35890132,2410,Temp_High,28
31:24.9,35890132,2410,Temp_Low,18
31:25.0,35993002,102870,Current,14.8
31:25.0,35993002,102870,Voltage,307.2
31:25.0,35993002,102870,Battery_SOC,22
31:25.0,35995401,2399,Temp_High,28
31:25.0,35995401,2399,Temp_Low,18
31:25.1,36098245,102844,Current,15.8
31:25.1,36098245,102844,Voltage,307.2
31:25.1,36098245,102844,Battery_SOC,23
31:25.1,36100662,2417,Temp_High,29
31:25.1,36100662,2417,Temp_Low,19
31:25.2,36203535,102873,Current,16.8
31:25.2,36203535,102873,Voltage,307.2
31:25.2,36203535,102873,Battery_SOC,24
31:25.2,36205934,2399,Temp_High,29
31:25.2,36205934,2399,Temp_Low,19
31:25.3,36308792,102858,Current,17.8
31:25.3,36308792,102858,Voltage,307.2
31:25.3,36308792,102858,Battery_SOC,25
31:25.3,36311189,2397,Temp_High,30
31:25.3,36311189,2397,Temp_Low,20
31:25.4,36414053,102864,Current,44.4
31:25.4,36414053,102864,Voltage,307.2
31:25.4,36414053,102864,Battery_SOC,26
31:25.4,36416467,2414,Temp_High,30
31:25.4,36416467,2414,Temp_Low,20
31:25.5,36519343,102876,Current,45.4
31:25.5,36519343,102876,Voltage,307.2
31:25.5,36519343,102876,Battery_SOC,27
31:25.5,36521750,2407,Temp_High,30
31:25.5,36521750,2407,Temp_Low,20
31:25.6,36624602,102852,Current,46.4
31:25.6,36624602,102852,Voltage,307.2
31:25.6,36624602,102852,Battery_SOC,28
31:25.6,36627007,2405,Temp_High,31
31:25.6,36627007,2405,Temp_Low,21
31:25.7,36729861,102854,Current,47.4
31:25.7,36729861,102854,Voltage,307.2
31:25.7,36729861,102854,Battery_SOC,29
31:25.7,36732281,2420,Temp_High,31
31:25.7,36732281,2420,Temp_Low,21
31:25.8,36835135,102854,Current,48.4
31:25.8,36835135,102854,Voltage,307.2
31:25.8,36835135,102854,Battery_SOC,30
31:25.8,36837554,2419,Temp_High,32
31:25.8,36837554,2419,Temp_Low,22
31:25.9,36940418,102864,Current,49.4
31:25.9,36940418,102864,Voltage,307.2
31:25.9,36940418,102864,Battery_SOC,31
31:25.9,36942825,2407,Temp_High,32
31:25.9,36942825,2407,Temp_Low,22
31:26.0,37045709,102884,Current,50.4
31:26.0,37045709,102884,Voltage,307.2
31:26.0,37045709,102884,Battery_SOC,32
31:26.0,37048147,2438,Temp_High,32
31:26.0,37048147,2438,Temp_Low,22
31:26.1,37151041,102894,Current,25.8
31:26.1,37151041,102894,Voltage,332.8
31:26.1,37151041,102894,Battery_SOC,33
31:26.1,37153350,2309,Temp_High,33
31:26.1,37153350,2309,Temp_Low,23
31:26.2,37256220,102870,Current,26.8
31:26.2,37256220,102870,Voltage,332.8
31:26.2,37256220,102870,Battery_SOC,34
31:26.3,37258652,2432,Temp_High,33
31:26.3,37258652,2432,Temp_Low,23
31:26.4,37361470,102818,Current,27.8
31:26.4,37361470,102818,Voltage,332.8
31:26.4,37361470,102818,Battery_SOC,35
31:26.4,37363861,2391,Temp_High,34
31:26.4,37363861,2391,Temp_Low,24
31:26.5,37466695,102834,Current,28.8
31:26.5,37466695,102834,Voltage,332.8
31:26.5,37466695,102834,Battery_SOC,36
31:26.5,37469142,2447,Temp_High,34
31:26.5,37469142,2447,Temp_Low,24
31:26.6,37572004,102862,Current,29.8
31:26.6,37572004,102862,Voltage,332.8
31:26.6,37572004,102862,Battery_SOC,37
31:26.6,37574450,2446,Temp_High,34
31:26.6,37574450,2446,Temp_Low,24
31:26.7,37677270,102820,Current,30.8
31:26.7,37677270,102820,Voltage,332.8
31:26.7,37677270,102820,Battery_SOC,38
31:26.7,37679685,2415,Temp_High,35
31:26.7,37679685,2415,Temp_Low,25
31:26.8,37782549,102864,Current,31.8
31:26.8,37782549,102864,Voltage,332.8
31:26.8,37782549,102864,Battery_SOC,39
31:26.8,37784966,2417,Temp_High,35
31:26.8,37784966,2417,Temp_Low,25
31:26.9,37887832,102866,Current,32.8
31:26.9,37887832,102866,Voltage,332.8
31:26.9,37887832,102866,Battery_SOC,40
31:26.9,37890240,2408,Temp_High,36
31:26.9,37890240,2408,Temp_Low,26
31:27.0,37993110,102870,Current,33.8
31:27.0,37993110,102870,Voltage,332.8
31:27.0,37993110,102870,Battery_SOC,41
31:27.0,37995515,2405,Temp_High,36
31:27.0,37995515,2405,Temp_Low,26
31:27.1,38098371,102856,Current,34.8
31:27.1,38098371,102856,Voltage,332.8
31:27.1,38098371,102856,Battery_SOC,42
31:27.1,38100791,2420,Temp_High,36
31:27.1,38100791,2420,Temp_Low,26
31:27.2,38203663,102872,Current,35.8
31:27.2,38203663,102872,Voltage,332.8
31:27.2,38203663,102872,Battery_SOC,43
31:27.2,38206064,2401,Temp_High,37
31:27.2,38206064,2401,Temp_Low,27
31:27.3,38308910,102846,Current,36.8
31:27.3,38308910,102846,Voltage,332.8
31:27.3,38308910,102846,Battery_SOC,44
31:27.3,38311315,2405,Temp_High,37
31:27.3,38311315,2405,Temp_Low,27
31:27.4,38414175,102860,Current,37.8
31:27.4,38414175,102860,Voltage,332.8
31:27.4,38414175,102860,Battery_SOC,45
31:27.4,38416583,2408,Temp_High,38
31:27.4,38416583,2408,Temp_Low,28
31:27.5,38519455,102872,Current,38.8
31:27.5,38519455,102872,Voltage,332.8
31:27.5,38519455,102872,Battery_SOC,46
31:27.5,38521848,2393,Temp_High,38
31:27.5,38521848,2393,Temp_Low,28
31:27.6,38624698,102850,Current,39.8
31:27.6,38624698,102850,Voltage,332.8
31:27.6,38624698,102850,Battery_SOC,47
31:27.6,38627111,2413,Temp_High,38
31:27.6,38627111,2413,Temp_Low,28
31:27.7,38729965,102854,Current,40.8
31:27.7,38729965,102854,Voltage,332.8
31:27.7,38729965,102854,Battery_SOC,48
31:27.7,38732421,2456,Temp_High,39
31:27.7,38732421,2456,Temp_Low,29
31:27.8,38835293,102872,Current,41.8
31:27.8,38835293,102872,Voltage,332.8
31:27.8,38835293,102872,Battery_SOC,49
31:27.8,38837652,2359,Temp_High,39
31:27.8,38837652,2359,Temp_Low,29
31:27.9,38940528,102876,Current,42.8
31:27.9,38940528,102876,Voltage,332.8
31:27.9,38940528,102876,Battery_SOC,50
31:27.9,38942907,2379,Temp_High,40
31:27.9,38942907,2379,Temp_Low,30
31:28.0,39045800,102893,Current,43.8
31:28.0,39045800,102893,Voltage,332.8
31:28.0,39045800,102893,Battery_SOC,51
31:28.0,39048175,2375,Temp_High,40
31:28.0,39048175,2375,Temp_Low,30
31:28.1,39151041,102866,Current,70.4
31:28.1,39151041,102866,Voltage,332.8
31:28.1,39151041,102866,Battery_SOC,52
31:28.1,39153444,2403,Temp_High,40
31:28.1,39153444,2403,Temp_Low,30
31:28.2,39256320,102876,Current,71.4
31:28.2,39256320,102876,Voltage,332.8
31:28.2,39256320,102876,Battery_SOC,53
31:28.3,39258710,2390,Temp_High,41
31:28.3,39258710,2390,Temp_Low,31
31:28.4,39361556,102846,Current,72.4
31:28.4,39361556,102846,Voltage,332.8
31:28.4,39361556,102846,Battery_SOC,54
31:28.4,39363983,2427,Temp_High,41
31:28.4,39363983,2427,Temp_Low,31
31:28.5,39466829,102846,Current,73.4
31:28.5,39466829,102846,Voltage,332.8
31:28.5,39466829,102846,Battery_SOC,55
31:28.5,39469256,2427,Temp_High,42
31:28.5,39469256,2427,Temp_Low,32
31:28.6,39572120,102864,Current,74.4
31:28.6,39572120,102864,Voltage,332.8
31:28.6,39572120,102864,Battery_SOC,56
31:28.6,39574536,2416,Temp_High,42
31:28.6,39574536,2416,Temp_Low,32
31:28.7,39677388,102852,Current,75.4
31:28.7,39677388,102852,Voltage,332.8
31:28.7,39677388,102852,Battery_SOC,57
31:28.7,39679811,2423,Temp_High,42
31:28.7,39679811,2423,Temp_Low,32
31:28.8,39782685,102874,Current,76.4
31:28.8,39782685,102874,Voltage,332.8
31:28.8,39782685,102874,Battery_SOC,58
31:28.8,39785096,2411,Temp_High,43
31:28.8,39785096,2411,Temp_Low,33
31:28.9,39887963,102867,Current,51.8
31:28.9,39887963,102867,Voltage,358.4
31:28.9,39887963,102867,Battery_SOC,59
31:28.9,39890334,2371,Temp_High,43
31:28.9,39890334,2371,Temp_Low,33
31:29.0,39993206,102872,Current,52.8
31:29.0,39993206,102872,Voltage,358.4
31:29.0,39993206,102872,Battery_SOC,60
31:29.0,39995597,2391,Temp_High,44
31:29.0,39995597,2391,Temp_Low,34
31:29.1,40098457,102860,Current,53.8
31:29.1,40098457,102860,Voltage,358.4
31:29.1,40098457,102860,Battery_SOC,61
31:29.1,40100871,2414,Temp_High,44
31:29.1,40100871,2414,Temp_Low,34
31:29.2,40203737,102866,Current,54.8
31:29.2,40203737,102866,Voltage,358.4
31:29.2,40203737,102866,Battery_SOC,62
31:29.2,40206142,2405,Temp_High,44
31:29.2,40206142,2405,Temp_Low,34
31:29.3,40309004,102862,Current,55.8
31:29.3,40309004,102862,Voltage,358.4
31:29.3,40309004,102862,Battery_SOC,63
31:29.3,40311411,2407,Temp_High,45
31:29.3,40311411,2407,Temp_Low,35
31:29.4,40414279,102868,Current,56.8
31:29.4,40414279,102868,Voltage,358.4
31:29.4,40414279,102868,Battery_SOC,64
31:29.4,40416723,2444,Temp_High,45
31:29.4,40416723,2444,Temp_Low,35
31:29.5,40519597,102874,Current,57.8
31:29.5,40519597,102874,Voltage,358.4
31:29.5,40519597,102874,Battery_SOC,65
31:29.5,40521950,2353,Temp_High,46
31:29.5,40521950,2353,Temp_Low,36
31:29.6,40624812,102862,Current,58.8
31:29.6,40624812,102862,Voltage,358.4
31:29.6,40624812,102862,Battery_SOC,66
31:29.6,40627211,2399,Temp_High,46
31:29.6,40627211,2399,Temp_Low,36
31:29.7,40730082,102871,Current,59.8
31:29.7,40730082,102871,Voltage,358.4
31:29.7,40730082,102871,Battery_SOC,67
31:29.7,40732485,2403,Temp_High,46
31:29.7,40732485,2403,Temp_Low,36
31:29.8,40835345,102860,Current,60.8
31:29.8,40835345,102860,Voltage,358.4
31:29.8,40835345,102860,Battery_SOC,68
31:29.8,40837764,2419,Temp_High,47
31:29.8,40837764,2419,Temp_Low,37
31:29.9,40940622,102858,Current,61.8
31:29.9,40940622,102858,Voltage,358.4
31:29.9,40940622,102858,Battery_SOC,69
31:29.9,40943037,2415,Temp_High,47
31:29.9,40943037,2415,Temp_Low,37
31:30.0,41045845,102808,Current,62.8
31:30.0,41045845,102808,Voltage,358.4
31:30.0,41045845,102808,Battery_SOC,70
31:30.0,41048311,2466,Temp_High,48
31:30.0,41048311,2466,Temp_Low,38
31:30.1,41151173,102862,Current,63.8
31:30.1,41151173,102862,Voltage,358.4
31:30.1,41151173,102862,Battery_SOC,71
31:30.1,41153586,2413,Temp_High,48
31:30.1,41153586,2413,Temp_Low,38
31:30.2,41256358,102772,Current,64.8
31:30.2,41256358,102772,Voltage,358.4
31:30.2,41256358,102772,Battery_SOC,72
31:30.3,41258901,2543,Temp_High,48
31:30.3,41258901,2543,Temp_Low,38
31:30.4,41361724,102823,Current,65.8
31:30.4,41361724,102823,Voltage,358.4
31:30.4,41361724,102823,Battery_SOC,73
31:30.4,41364131,2407,Temp_High,49
31:30.4,41364131,2407,Temp_Low,39
31:30.5,41466981,102850,Current,66.8
31:30.5,41466981,102850,Voltage,358.4
31:30.5,41466981,102850,Battery_SOC,74
31:30.5,41469406,2425,Temp_High,49
31:30.5,41469406,2425,Temp_Low,39
31:30.6,41572260,102854,Current,67.8
31:30.6,41572260,102854,Voltage,358.4
31:30.6,41572260,102854,Battery_SOC,75
31:30.6,41574684,2424,Temp_High,50
31:30.6,41574684,2424,Temp_Low,40
31:30.7,41677532,102848,Current,68.8
31:30.7,41677532,102848,Voltage,358.4
31:30.7,41677532,102848,Battery_SOC,76
31:30.7,41679955,2423,Temp_High,50
31:30.7,41679955,2423,Temp_Low,40
31:30.8,41782823,102868,Current,95.4
31:30.8,41782823,102868,Voltage,358.4
31:30.8,41782823,102868,Battery_SOC,77
31:30.8,41785240,2417,Temp_High,50
31:30.8,41785240,2417,Temp_Low,40
31:30.9,41888100,102860,Current,96.4
31:30.9,41888100,102860,Voltage,358.4
31:30.9,41888100,102860,Battery_SOC,78
31:30.9,41890522,2422,Temp_High,51
31:30.9,41890522,2422,Temp_Low,41
31:31.0,41993410,102888,Current,97.4
31:31.0,41993410,102888,Voltage,358.4
31:31.0,41993410,102888,Battery_SOC,79
31:31.0,41995807,2397,Temp_High,51
31:31.0,41995807,2397,Temp_Low,41
31:31.1,42098657,102850,Current,98.4
31:31.1,42098657,102850,Voltage,358.4
31:31.1,42098657,102850,Battery_SOC,80
31:31.1,42101119,2462,Temp_High,52
31:31.1,42101119,2462,Temp_Low,42
31:31.2,42203993,102874,Current,99.4
31:31.2,42203993,102874,Voltage,358.4
31:31.2,42203993,102874,Battery_SOC,81
31:31.2,42206358,2365,Temp_High,52
31:31.2,42206358,2365,Temp_Low,42
31:31.3,42309240,102882,Current,100.4
31:31.3,42309240,102882,Voltage,358.4
31:31.3,42309240,102882,Battery_SOC,82
31:31.3,42311637,2397,Temp_High,52
31:31.3,42311637,2397,Temp_Low,42
31:31.4,42414461,102824,Current,101.4
31:31.4,42414461,102824,Voltage,358.4
31:31.4,42414461,102824,Battery_SOC,83
31:31.4,42416895,2434,Temp_High,53
31:31.4,42416895,2434,Temp_Low,43
31:31.5,42519787,102892,Current,76.8
31:31.5,42519787,102892,Voltage,384
31:31.5,42519787,102892,Battery_SOC,84
31:31.5,42522130,2343,Temp_High,53
31:31.5,42522130,2343,Temp_Low,43
31:31.6,42624994,102864,Current,77.8
31:31.6,42624994,102864,Voltage,384
31:31.6,42624994,102864,Battery_SOC,85
31:31.6,42627373,2379,Temp_High,54
31:31.6,42627373,2379,Temp_Low,44
31:31.7,42730231,102858,Current,78.8
31:31.7,42730231,102858,Voltage,384
31:31.7,42730231,102858,Battery_SOC,86
31:31.7,42732649,2418,Temp_High,54
31:31.7,42732649,2418,Temp_Low,44
31:31.8,42835501,102852,Current,79.8
31:31.8,42835501,102852,Voltage,384
31:31.8,42835501,102852,Battery_SOC,87
31:31.8,42837928,2427,Temp_High,54
31:31.8,42837928,2427,Temp_Low,44
31:31.9,42940780,102852,Current,80.8
31:31.9,42940780,102852,Voltage,384
31:31.9,42940780,102852,Battery_SOC,88
31:31.9,42943198,2418,Temp_High,55
31:31.9,42943198,2418,Temp_Low,45
31:32.0,43046003,102805,Current,81.8
31:32.0,43046003,102805,Voltage,384
31:32.0,43046003,102805,Battery_SOC,89
31:32.0,43048449,2446,Temp_High,55
31:32.0,43048449,2446,Temp_Low,45
31:32.1,43151275,102826,Current,82.8
31:32.1,43151275,102826,Voltage,384
31:32.1,43151275,102826,Battery_SOC,90
31:32.1,43153734,2459,Temp_High,56
31:32.1,43153734,2459,Temp_Low,46
31:32.2,43256606,102872,Current,83.8
31:32.2,43256606,102872,Voltage,384
31:32.2,43256606,102872,Battery_SOC,91
31:32.3,43259016,2410,Temp_High,56
31:32.3,43259016,2410,Temp_Low,46
31:32.4,43361821,102805,Current,84.8
31:32.4,43361821,102805,Voltage,384
31:32.4,43361821,102805,Battery_SOC,92
31:32.4,43364285,2464,Temp_High,56
31:32.4,43364285,2464,Temp_Low,46
31:32.5,43467083,102798,Current,85.8
31:32.5,43467083,102798,Voltage,384
31:32.5,43467083,102798,Battery_SOC,93
31:32.5,43469550,2467,Temp_High,57
31:32.5,43469550,2467,Temp_Low,47
31:32.6,43572414,102864,Current,86.8
31:32.6,43572414,102864,Voltage,384
31:32.6,43572414,102864,Battery_SOC,94
31:32.6,43574828,2414,Temp_High,57
31:32.6,43574828,2414,Temp_Low,47
31:32.7,43677682,102854,Current,87.8
31:32.7,43677682,102854,Voltage,384
31:32.7,43677682,102854,Battery_SOC,95
31:32.7,43680107,2425,Temp_High,58
31:32.7,43680107,2425,Temp_Low,48
31:32.8,43782965,102858,Current,88.8
31:32.8,43782965,102858,Voltage,384
31:32.8,43782965,102858,Battery_SOC,96
31:32.8,43785415,2450,Temp_High,58
31:32.8,43785415,2450,Temp_Low,48
31:32.9,43888297,102882,Current,89.8
31:32.9,43888297,102882,Voltage,384
31:32.9,43888297,102882,Battery_SOC,97
31:32.9,43890664,2367,Temp_High,58
31:32.9,43890664,2367,Temp_Low,48
31:33.0,43993496,102832,Current,90.8
31:33.0,43993496,102832,Voltage,384
31:33.0,43993496,102832,Battery_SOC,98
31:33.0,43995943,2447,Temp_High,59
31:33.0,43995943,2447,Temp_Low,49
31:33.1,44098783,102840,Current,91.8
31:33.1,44098783,102840,Voltage,384
31:33.1,44098783,102840,Battery_SOC,99
31:33.1,44101198,2415,Temp_High,59
31:33.1,44101198,2415,Temp_Low,49
31:33.2,44204057,102859,Current,92.8
31:33.2,44204057,102859,Voltage,384
31:33.2,44204057,102859,Battery_SOC,100
31:33.2,44206514,2457,Temp_High,60
31:33.2,44206514,2457,Temp_Low,50
31:33.3,44309438,102924,Current,18.4
31:33.3,44309438,102924,Voltage,281.6
31:33.3,44309438,102924,Battery_SOC,0
31:33.3,44311759,2321,Temp_High,20
31:33.3,44311759,2321,Temp_Low,10
31:33.4,44414533,102774,Current,19.4
31:33.4,44414533,102774,Voltage,281.6
31:33.4,44414533,102774,Battery_SOC,1
31:33.4,44416863,2330,Temp_High,20
31:33.4,44416863,2330,Temp_Low,10
31:33.5,44519651,102788,Current,20.4
31:33.5,44519651,102788,Voltage,281.6
31:33.5,44519651,102788,Battery_SOC,2
31:33.5,44521980,2329,Temp_High,20
31:33.5,44521980,2329,Temp_Low,10
31:33.6,44624744,102764,Current,21.4
31:33.6,44624744,102764,Voltage,281.6
31:33.6,44624744,102764,Battery_SOC,3
31:33.6,44627079,2335,Temp_High,21
31:33.6,44627079,2335,Temp_Low,11
31:33.7,44729846,102767,Current,22.4
31:33.7,44729846,102767,Voltage,281.6
31:33.7,44729846,102767,Battery_SOC,4
31:33.7,44732183,2337,Temp_High,21
31:33.7,44732183,2337,Temp_Low,11
31:33.8,44834973,102790,Current,23.4
31:33.8,44834973,102790,Voltage,281.6
31:33.8,44834973,102790,Battery_SOC,5
31:33.8,44837365,2392,Temp_High,22
31:33.8,44837365,2392,Temp_Low,12
31:33.9,44940072,102707,Current,24.4
31:33.9,44940072,102707,Voltage,281.6
31:33.9,44940072,102707,Battery_SOC,6
31:33.9,44942403,2331,Temp_High,22
31:33.9,44942403,2331,Temp_Low,12
31:34.0,45045160,102757,Current,25.4
31:34.0,45045160,102757,Voltage,281.6
31:34.0,45045160,102757,Battery_SOC,7
31:34.0,45047526,2366,Temp_High,22
31:34.0,45047526,2366,Temp_Low,12
31:34.1,45150300,102774,Current,0.8
31:34.1,45150300,102774,Voltage,307.2
31:34.1,45150300,102774,Battery_SOC,8
31:34.1,45152620,2320,Temp_High,23
31:34.1,45152620,2320,Temp_Low,13
31:34.2,45255407,102787,Current,1.8
31:34.2,45255407,102787,Voltage,307.2
31:34.2,45255407,102787,Battery_SOC,9
31:34.3,45257754,2347,Temp_High,23
31:34.3,45257754,2347,Temp_Low,13
31:34.4,45360530,102776,Current,2.8
31:34.4,45360530,102776,Voltage,307.2
31:34.4,45360530,102776,Battery_SOC,10
31:34.4,45362951,2421,Temp_High,24
31:34.4,45362951,2421,Temp_Low,14
31:34.5,45465777,102826,Current,3.8
31:34.5,45465777,102826,Voltage,307.2
31:34.5,45465777,102826,Battery_SOC,11
31:34.5,45468215,2438,Temp_High,24
31:34.5,45468215,2438,Temp_Low,14
31:34.6,45571067,102852,Current,4.8
31:34.6,45571067,102852,Voltage,307.2
31:34.6,45571067,102852,Battery_SOC,12
31:34.6,45573412,2345,Temp_High,24
31:34.6,45573412,2345,Temp_Low,14
31:34.7,45676250,102838,Current,5.8
31:34.7,45676250,102838,Voltage,307.2
31:34.7,45676250,102838,Battery_SOC,13
31:34.7,45678647,2397,Temp_High,25
31:34.7,45678647,2397,Temp_Low,15
31:34.8,45781503,102856,Current,6.8
31:34.8,45781503,102856,Voltage,307.2
31:34.8,45781503,102856,Battery_SOC,14
31:34.8,45783887,2384,Temp_High,25
31:34.8,45783887,2384,Temp_Low,15
31:34.9,45886705,102818,Current,7.8
31:34.9,45886705,102818,Voltage,307.2
31:34.9,45886705,102818,Battery_SOC,15
31:34.9,45889130,2425,Temp_High,26
31:34.9,45889130,2425,Temp_Low,16
31:35.0,45992006,102876,Current,8.8
31:35.0,45992006,102876,Voltage,307.2
31:35.0,45992006,102876,Battery_SOC,16
31:35.0,45994401,2395,Temp_High,26
31:35.0,45994401,2395,Temp_Low,16
31:35.1,46097257,102856,Current,9.8
31:35.1,46097257,102856,Voltage,307.2
31:35.1,46097257,102856,Battery_SOC,17
31:35.1,46099661,2404,Temp_High,26
31:35.1,46099661,2404,Temp_Low,16
31:35.2,46202525,102864,Current,10.8
31:35.2,46202525,102864,Voltage,307.2
31:35.2,46202525,102864,Battery_SOC,18
31:35.2,46204922,2397,Temp_High,27
31:35.2,46204922,2397,Temp_Low,17
31:35.3,46307804,102882,Current,11.8
31:35.3,46307804,102882,Voltage,307.2
31:35.3,46307804,102882,Battery_SOC,19
31:35.3,46310187,2383,Temp_High,27
31:35.3,46310187,2383,Temp_Low,17
31:35.4,46413042,102855,Current,12.8
31:35.4,46413042,102855,Voltage,307.2
31:35.4,46413042,102855,Battery_SOC,20
31:35.4,46415461,2419,Temp_High,28
31:35.4,46415461,2419,Temp_Low,18
31:35.5,46518309,102848,Current,13.8
31:35.5,46518309,102848,Voltage,307.2
31:35.5,46518309,102848,Battery_SOC,21
31:35.5,46520730,2421,Temp_High,28
31:35.5,46520730,2421,Temp_Low,18
31:35.6,46623534,102804,Current,14.8
31:35.6,46623534,102804,Voltage,307.2
31:35.6,46623534,102804,Battery_SOC,22
31:35.6,46626002,2468,Temp_High,28
31:35.6,46626002,2468,Temp_Low,18
31:35.7,46728798,102796,Current,15.8
31:35.7,46728798,102796,Voltage,307.2
31:35.7,46728798,102796,Battery_SOC,23
31:35.7,46731247,2449,Temp_High,29
31:35.7,46731247,2449,Temp_Low,19
31:35.8,46834115,102868,Current,16.8
31:35.8,46834115,102868,Voltage,307.2
31:35.8,46834115,102868,Battery_SOC,24
31:35.8,46836516,2401,Temp_High,29
31:35.8,46836516,2401,Temp_Low,19
31:35.9,46939380,102864,Current,17.8
31:35.9,46939380,102864,Voltage,307.2
31:35.9,46939380,102864,Battery_SOC,25
31:35.9,46941786,2406,Temp_High,30
31:35.9,46941786,2406,Temp_Low,20
31:36.0,47044658,102872,Current,44.4
31:36.0,47044658,102872,Voltage,307.2
31:36.0,47044658,102872,Battery_SOC,26
31:36.0,47047045,2387,Temp_High,30
31:36.0,47047045,2387,Temp_Low,20
31:36.1,47149897,102852,Current,45.4
31:36.1,47149897,102852,Voltage,307.2
31:36.1,47149897,102852,Battery_SOC,27
31:36.1,47152350,2453,Temp_High,30
31:36.1,47152350,2453,Temp_Low,20
31:36.2,47255229,102879,Current,46.4
31:36.2,47255229,102879,Voltage,307.2
31:36.2,47255229,102879,Battery_SOC,28
31:36.2,47257600,2371,Temp_High,31
31:36.2,47257600,2371,Temp_Low,21
31:36.4,47360462,102862,Current,47.4
31:36.4,47360462,102862,Voltage,307.2
31:36.4,47360462,102862,Battery_SOC,29
31:36.4,47362869,2407,Temp_High,31
31:36.4,47362869,2407,Temp_Low,21
31:36.5,47465749,102880,Current,48.4
31:36.5,47465749,102880,Voltage,307.2
31:36.5,47465749,102880,Battery_SOC,30
31:36.5,47468142,2393,Temp_High,32
31:36.5,47468142,2393,Temp_Low,22
31:36.6,47571021,102879,Current,49.4
31:36.6,47571021,102879,Voltage,307.2
31:36.6,47571021,102879,Battery_SOC,31
31:36.6,47573428,2407,Temp_High,32
31:36.6,47573428,2407,Temp_Low,22
31:36.7,47676296,102868,Current,50.4
31:36.7,47676296,102868,Voltage,307.2
31:36.7,47676296,102868,Battery_SOC,32
31:36.7,47678703,2407,Temp_High,32
31:36.7,47678703,2407,Temp_Low,22
31:36.8,47781551,102848,Current,25.8
31:36.8,47781551,102848,Voltage,332.8
31:36.8,47781551,102848,Battery_SOC,33
31:36.8,47783927,2376,Temp_High,33
31:36.8,47783927,2376,Temp_Low,23
31:36.9,47886785,102858,Current,26.8
31:36.9,47886785,102858,Voltage,332.8
31:36.9,47886785,102858,Battery_SOC,34
31:36.9,47889164,2379,Temp_High,33
31:36.9,47889164,2379,Temp_Low,23
31:37.0,47992034,102870,Current,27.8
31:37.0,47992034,102870,Voltage,332.8
31:37.0,47992034,102870,Battery_SOC,35
31:37.0,47994425,2391,Temp_High,34
31:37.0,47994425,2391,Temp_Low,24
31:37.1,48097296,102871,Current,28.8
31:37.1,48097296,102871,Voltage,332.8
31:37.1,48097296,102871,Battery_SOC,36
31:37.1,48099697,2401,Temp_High,34
31:37.1,48099697,2401,Temp_Low,24
31:37.2,48202559,102862,Current,29.8
31:37.2,48202559,102862,Voltage,332.8
31:37.2,48202559,102862,Battery_SOC,37
31:37.2,48204976,2417,Temp_High,34
31:37.2,48204976,2417,Temp_Low,24
31:37.3,48307836,102860,Current,30.8
31:37.3,48307836,102860,Voltage,332.8
31:37.3,48307836,102860,Battery_SOC,38
31:37.3,48310239,2403,Temp_High,35
31:37.3,48310239,2403,Temp_Low,25
31:37.4,48413088,102849,Current,31.8
31:37.4,48413088,102849,Voltage,332.8
31:37.4,48413088,102849,Battery_SOC,39
31:37.4,48415507,2419,Temp_High,35
31:37.4,48415507,2419,Temp_Low,25
31:37.5,48518377,102870,Current,32.8
31:37.5,48518377,102870,Voltage,332.8
31:37.5,48518377,102870,Battery_SOC,40
31:37.5,48520788,2411,Temp_High,36
31:37.5,48520788,2411,Temp_Low,26
31:37.6,48623636,102848,Current,33.8
31:37.6,48623636,102848,Voltage,332.8
31:37.6,48623636,102848,Battery_SOC,41
31:37.6,48626130,2494,Temp_High,36
31:37.6,48626130,2494,Temp_Low,26
31:37.7,48728805,102675,Current,34.8
31:37.7,48728805,102675,Voltage,332.8
31:37.7,48728805,102675,Battery_SOC,42
31:37.7,48731321,2516,Temp_High,36
31:37.7,48731321,2516,Temp_Low,26
31:37.8,48834187,102866,Current,35.8
31:37.8,48834187,102866,Voltage,332.8
31:37.8,48834187,102866,Battery_SOC,43